"","cells","microclusters"
"CTL_muscle_1_AACCATGCATCACAAC-1","CTL_muscle_1_AACCATGCATCACAAC-1","mc_103"
"CTL_muscle_1_AACTCAGCAAGTCTAC-1","CTL_muscle_1_AACTCAGCAAGTCTAC-1","mc_60"
"CTL_muscle_1_AACTCTTTCCACGACG-1","CTL_muscle_1_AACTCTTTCCACGACG-1","mc_60"
"CTL_muscle_1_AACTCTTTCTTCATGT-1","CTL_muscle_1_AACTCTTTCTTCATGT-1","mc_29"
"CTL_muscle_1_AACTGGTGTAATAGCA-1","CTL_muscle_1_AACTGGTGTAATAGCA-1","mc_37"
"CTL_muscle_1_AAGGCAGTCGCCTGTT-1","CTL_muscle_1_AAGGCAGTCGCCTGTT-1","mc_61"
"CTL_muscle_1_AATCGGTTCGCGATCG-1","CTL_muscle_1_AATCGGTTCGCGATCG-1","mc_53"
"CTL_muscle_1_ACATACGTCACCTCGT-1","CTL_muscle_1_ACATACGTCACCTCGT-1","mc_42"
"CTL_muscle_1_ACATACGTCTCCCTGA-1","CTL_muscle_1_ACATACGTCTCCCTGA-1","mc_53"
"CTL_muscle_1_ACATCAGTCTACGAGT-1","CTL_muscle_1_ACATCAGTCTACGAGT-1","mc_23"
"CTL_muscle_1_ACATGGTAGTATCGAA-1","CTL_muscle_1_ACATGGTAGTATCGAA-1","mc_102"
"CTL_muscle_1_ACATGGTTCACCATAG-1","CTL_muscle_1_ACATGGTTCACCATAG-1","mc_61"
"CTL_muscle_1_ACGAGCCAGCCGATTT-1","CTL_muscle_1_ACGAGCCAGCCGATTT-1","mc_44"
"CTL_muscle_1_ACGAGGAGTCACAAGG-1","CTL_muscle_1_ACGAGGAGTCACAAGG-1","mc_21"
"CTL_muscle_1_ACGATACAGCGCCTCA-1","CTL_muscle_1_ACGATACAGCGCCTCA-1","mc_1"
"CTL_muscle_1_ACGATACTCGGAGGTA-1","CTL_muscle_1_ACGATACTCGGAGGTA-1","mc_53"
"CTL_muscle_1_ACGCCAGGTCGACTGC-1","CTL_muscle_1_ACGCCAGGTCGACTGC-1","mc_102"
"CTL_muscle_1_ACGCCAGTCTGTTTGT-1","CTL_muscle_1_ACGCCAGTCTGTTTGT-1","mc_100"
"CTL_muscle_1_ACGGGTCCACAGCCCA-1","CTL_muscle_1_ACGGGTCCACAGCCCA-1","mc_62"
"CTL_muscle_1_ACTATCTCAAAGTGCG-1","CTL_muscle_1_ACTATCTCAAAGTGCG-1","mc_62"
"CTL_muscle_1_ACTGAGTGTCGAGATG-1","CTL_muscle_1_ACTGAGTGTCGAGATG-1","mc_103"
"CTL_muscle_1_ACTGAGTTCACTTATC-1","CTL_muscle_1_ACTGAGTTCACTTATC-1","mc_15"
"CTL_muscle_1_ACTTACTTCTTGTCAT-1","CTL_muscle_1_ACTTACTTCTTGTCAT-1","mc_65"
"CTL_muscle_1_ACTTGTTAGTTCCACA-1","CTL_muscle_1_ACTTGTTAGTTCCACA-1","mc_29"
"CTL_muscle_1_ACTTTCAAGAGCTTCT-1","CTL_muscle_1_ACTTTCAAGAGCTTCT-1","mc_60"
"CTL_muscle_1_AGAATAGGTCAAAGCG-1","CTL_muscle_1_AGAATAGGTCAAAGCG-1","mc_38"
"CTL_muscle_1_AGACGTTCATCGACGC-1","CTL_muscle_1_AGACGTTCATCGACGC-1","mc_15"
"CTL_muscle_1_AGATTGCGTTAAAGAC-1","CTL_muscle_1_AGATTGCGTTAAAGAC-1","mc_4"
"CTL_muscle_1_AGCATACTCTCGAGTA-1","CTL_muscle_1_AGCATACTCTCGAGTA-1","mc_53"
"CTL_muscle_1_AGCTCCTTCATAACCG-1","CTL_muscle_1_AGCTCCTTCATAACCG-1","mc_53"
"CTL_muscle_1_AGGCCACGTGGAAAGA-1","CTL_muscle_1_AGGCCACGTGGAAAGA-1","mc_53"
"CTL_muscle_1_AGGGAGTGTTCATGGT-1","CTL_muscle_1_AGGGAGTGTTCATGGT-1","mc_29"
"CTL_muscle_1_AGGGTGATCTGACCTC-1","CTL_muscle_1_AGGGTGATCTGACCTC-1","mc_15"
"CTL_muscle_1_AGGTCATAGTGGGCTA-1","CTL_muscle_1_AGGTCATAGTGGGCTA-1","mc_60"
"CTL_muscle_1_AGTAGTCAGATTACCC-1","CTL_muscle_1_AGTAGTCAGATTACCC-1","mc_15"
"CTL_muscle_1_AGTCTTTAGGGCTCTC-1","CTL_muscle_1_AGTCTTTAGGGCTCTC-1","mc_42"
"CTL_muscle_1_AGTGAGGCAGTGGGAT-1","CTL_muscle_1_AGTGAGGCAGTGGGAT-1","mc_61"
"CTL_muscle_1_ATCCGAAGTACGCTGC-1","CTL_muscle_1_ATCCGAAGTACGCTGC-1","mc_61"
"CTL_muscle_1_ATCTGCCGTAAAGGAG-1","CTL_muscle_1_ATCTGCCGTAAAGGAG-1","mc_42"
"CTL_muscle_1_ATGTGTGCACAGGCCT-1","CTL_muscle_1_ATGTGTGCACAGGCCT-1","mc_24"
"CTL_muscle_1_ATTACTCAGCTAGTTC-1","CTL_muscle_1_ATTACTCAGCTAGTTC-1","mc_1"
"CTL_muscle_1_ATTGGACAGGTTCCTA-1","CTL_muscle_1_ATTGGACAGGTTCCTA-1","mc_61"
"CTL_muscle_1_ATTGGACAGTCCCACG-1","CTL_muscle_1_ATTGGACAGTCCCACG-1","mc_82"
"CTL_muscle_1_ATTTCTGAGTCTCAAC-1","CTL_muscle_1_ATTTCTGAGTCTCAAC-1","mc_60"
"CTL_muscle_1_CAACCTCGTAGAGCTG-1","CTL_muscle_1_CAACCTCGTAGAGCTG-1","mc_44"
"CTL_muscle_1_CAAGATCCACCGAAAG-1","CTL_muscle_1_CAAGATCCACCGAAAG-1","mc_30"
"CTL_muscle_1_CAAGTTGAGATAGGAG-1","CTL_muscle_1_CAAGTTGAGATAGGAG-1","mc_1"
"CTL_muscle_1_CAAGTTGCAACTGCGC-1","CTL_muscle_1_CAAGTTGCAACTGCGC-1","mc_44"
"CTL_muscle_1_CACACAATCGTACGGC-1","CTL_muscle_1_CACACAATCGTACGGC-1","mc_96"
"CTL_muscle_1_CACCTTGAGAATGTTG-1","CTL_muscle_1_CACCTTGAGAATGTTG-1","mc_1"
"CTL_muscle_1_CAGAGAGCATCCGCGA-1","CTL_muscle_1_CAGAGAGCATCCGCGA-1","mc_1"
"CTL_muscle_1_CAGAGAGGTATAGGGC-1","CTL_muscle_1_CAGAGAGGTATAGGGC-1","mc_43"
"CTL_muscle_1_CAGCGACGTAGCCTCG-1","CTL_muscle_1_CAGCGACGTAGCCTCG-1","mc_39"
"CTL_muscle_1_CAGCTGGTCCTTCAAT-1","CTL_muscle_1_CAGCTGGTCCTTCAAT-1","mc_60"
"CTL_muscle_1_CATCAGATCGGAATCT-1","CTL_muscle_1_CATCAGATCGGAATCT-1","mc_42"
"CTL_muscle_1_CATGCCTAGTATGACA-1","CTL_muscle_1_CATGCCTAGTATGACA-1","mc_29"
"CTL_muscle_1_CATGGCGTCCTCCTAG-1","CTL_muscle_1_CATGGCGTCCTCCTAG-1","mc_61"
"CTL_muscle_1_CATTCGCAGCCGCCTA-1","CTL_muscle_1_CATTCGCAGCCGCCTA-1","mc_85"
"CTL_muscle_1_CATTCGCGTTTGGGCC-1","CTL_muscle_1_CATTCGCGTTTGGGCC-1","mc_21"
"CTL_muscle_1_CCACTACTCATTGCGA-1","CTL_muscle_1_CCACTACTCATTGCGA-1","mc_42"
"CTL_muscle_1_CCATGTCTCTTGCAAG-1","CTL_muscle_1_CCATGTCTCTTGCAAG-1","mc_1"
"CTL_muscle_1_CCCAATCCACACGCTG-1","CTL_muscle_1_CCCAATCCACACGCTG-1","mc_61"
"CTL_muscle_1_CCCAGTTGTCAGCTAT-1","CTL_muscle_1_CCCAGTTGTCAGCTAT-1","mc_60"
"CTL_muscle_1_CCGTTCACAAAGGTGC-1","CTL_muscle_1_CCGTTCACAAAGGTGC-1","mc_64"
"CTL_muscle_1_CCTAAAGTCCGTCATC-1","CTL_muscle_1_CCTAAAGTCCGTCATC-1","mc_103"
"CTL_muscle_1_CCTAGCTTCACCCTCA-1","CTL_muscle_1_CCTAGCTTCACCCTCA-1","mc_38"
"CTL_muscle_1_CCTTCGATCATCGCTC-1","CTL_muscle_1_CCTTCGATCATCGCTC-1","mc_103"
"CTL_muscle_1_CCTTTCTTCAGTCCCT-1","CTL_muscle_1_CCTTTCTTCAGTCCCT-1","mc_53"
"CTL_muscle_1_CGAACATAGAACAACT-1","CTL_muscle_1_CGAACATAGAACAACT-1","mc_1"
"CTL_muscle_1_CGAATGTAGTGGGATC-1","CTL_muscle_1_CGAATGTAGTGGGATC-1","mc_21"
"CTL_muscle_1_CGAATGTTCAAACCAC-1","CTL_muscle_1_CGAATGTTCAAACCAC-1","mc_15"
"CTL_muscle_1_CGAATGTTCATAGCAC-1","CTL_muscle_1_CGAATGTTCATAGCAC-1","mc_60"
"CTL_muscle_1_CGACCTTCATAAAGGT-1","CTL_muscle_1_CGACCTTCATAAAGGT-1","mc_62"
"CTL_muscle_1_CGAGAAGAGTAGGTGC-1","CTL_muscle_1_CGAGAAGAGTAGGTGC-1","mc_37"
"CTL_muscle_1_CGATGGCAGTGACATA-1","CTL_muscle_1_CGATGGCAGTGACATA-1","mc_63"
"CTL_muscle_1_CGGACACGTATCTGCA-1","CTL_muscle_1_CGGACACGTATCTGCA-1","mc_60"
"CTL_muscle_1_CGGAGCTAGGTGATAT-1","CTL_muscle_1_CGGAGCTAGGTGATAT-1","mc_60"
"CTL_muscle_1_CGTAGCGGTTCGTCTC-1","CTL_muscle_1_CGTAGCGGTTCGTCTC-1","mc_61"
"CTL_muscle_1_CGTAGGCCAGGCGATA-1","CTL_muscle_1_CGTAGGCCAGGCGATA-1","mc_82"
"CTL_muscle_1_CGTCTACCAATGCCAT-1","CTL_muscle_1_CGTCTACCAATGCCAT-1","mc_29"
"CTL_muscle_1_CTAAGACGTAGGGACT-1","CTL_muscle_1_CTAAGACGTAGGGACT-1","mc_62"
"CTL_muscle_1_CTACATTTCGACAGCC-1","CTL_muscle_1_CTACATTTCGACAGCC-1","mc_20"
"CTL_muscle_1_CTACCCATCACCATAG-1","CTL_muscle_1_CTACCCATCACCATAG-1","mc_39"
"CTL_muscle_1_CTACCCATCGGAAACG-1","CTL_muscle_1_CTACCCATCGGAAACG-1","mc_62"
"CTL_muscle_1_CTAGCCTAGAGACTTA-1","CTL_muscle_1_CTAGCCTAGAGACTTA-1","mc_64"
"CTL_muscle_1_CTCGTCACATGTCTCC-1","CTL_muscle_1_CTCGTCACATGTCTCC-1","mc_4"
"CTL_muscle_1_CTGAAACAGTGAACAT-1","CTL_muscle_1_CTGAAACAGTGAACAT-1","mc_29"
"CTL_muscle_1_CTGGTCTCAGTTCCCT-1","CTL_muscle_1_CTGGTCTCAGTTCCCT-1","mc_4"
"CTL_muscle_1_CTGTGCTGTCCGTGAC-1","CTL_muscle_1_CTGTGCTGTCCGTGAC-1","mc_53"
"CTL_muscle_1_CTGTGCTTCACCGTAA-1","CTL_muscle_1_CTGTGCTTCACCGTAA-1","mc_65"
"CTL_muscle_1_GACGGCTAGGCATGGT-1","CTL_muscle_1_GACGGCTAGGCATGGT-1","mc_54"
"CTL_muscle_1_GACGTGCGTGGTACAG-1","CTL_muscle_1_GACGTGCGTGGTACAG-1","mc_4"
"CTL_muscle_1_GACGTGCGTTGGGACA-1","CTL_muscle_1_GACGTGCGTTGGGACA-1","mc_61"
"CTL_muscle_1_GACGTTAAGCGTCAAG-1","CTL_muscle_1_GACGTTAAGCGTCAAG-1","mc_37"
"CTL_muscle_1_GACGTTAGTGGGTCAA-1","CTL_muscle_1_GACGTTAGTGGGTCAA-1","mc_52"
"CTL_muscle_1_GACTACATCTCTTATG-1","CTL_muscle_1_GACTACATCTCTTATG-1","mc_61"
"CTL_muscle_1_GAGCAGAAGTCGTTTG-1","CTL_muscle_1_GAGCAGAAGTCGTTTG-1","mc_60"
"CTL_muscle_1_GAGCAGACAGCTCGCA-1","CTL_muscle_1_GAGCAGACAGCTCGCA-1","mc_1"
"CTL_muscle_1_GAGCAGAGTCCATCCT-1","CTL_muscle_1_GAGCAGAGTCCATCCT-1","mc_28"
"CTL_muscle_1_GAGCAGAGTCTCCACT-1","CTL_muscle_1_GAGCAGAGTCTCCACT-1","mc_62"
"CTL_muscle_1_GAGTCCGAGCACAGGT-1","CTL_muscle_1_GAGTCCGAGCACAGGT-1","mc_62"
"CTL_muscle_1_GATCGCGAGAATGTTG-1","CTL_muscle_1_GATCGCGAGAATGTTG-1","mc_29"
"CTL_muscle_1_GATCGCGAGAGTGAGA-1","CTL_muscle_1_GATCGCGAGAGTGAGA-1","mc_65"
"CTL_muscle_1_GCACATATCACGACTA-1","CTL_muscle_1_GCACATATCACGACTA-1","mc_60"
"CTL_muscle_1_GCATGATAGCGACGTA-1","CTL_muscle_1_GCATGATAGCGACGTA-1","mc_53"
"CTL_muscle_1_GCATGCGTCTCTAGGA-1","CTL_muscle_1_GCATGCGTCTCTAGGA-1","mc_102"
"CTL_muscle_1_GCCTCTAGTCTAGGTT-1","CTL_muscle_1_GCCTCTAGTCTAGGTT-1","mc_42"
"CTL_muscle_1_GCGAGAAAGTAGGTGC-1","CTL_muscle_1_GCGAGAAAGTAGGTGC-1","mc_44"
"CTL_muscle_1_GCGCCAACATTGAGCT-1","CTL_muscle_1_GCGCCAACATTGAGCT-1","mc_44"
"CTL_muscle_1_GCGCGATAGCTGATAA-1","CTL_muscle_1_GCGCGATAGCTGATAA-1","mc_37"
"CTL_muscle_1_GCTCTGTTCGAATCCA-1","CTL_muscle_1_GCTCTGTTCGAATCCA-1","mc_29"
"CTL_muscle_1_GCTTCCACACATAACC-1","CTL_muscle_1_GCTTCCACACATAACC-1","mc_38"
"CTL_muscle_1_GCTTGAACACGGCGTT-1","CTL_muscle_1_GCTTGAACACGGCGTT-1","mc_4"
"CTL_muscle_1_GGACAGAGTCACACGC-1","CTL_muscle_1_GGACAGAGTCACACGC-1","mc_95"
"CTL_muscle_1_GGAGCAATCAGCAACT-1","CTL_muscle_1_GGAGCAATCAGCAACT-1","mc_65"
"CTL_muscle_1_GGCCGATCAGCTTCGG-1","CTL_muscle_1_GGCCGATCAGCTTCGG-1","mc_100"
"CTL_muscle_1_GGCCGATTCTTAGAGC-1","CTL_muscle_1_GGCCGATTCTTAGAGC-1","mc_62"
"CTL_muscle_1_GGGAGATTCGTTGCCT-1","CTL_muscle_1_GGGAGATTCGTTGCCT-1","mc_38"
"CTL_muscle_1_GGGCACTCAAAGGTGC-1","CTL_muscle_1_GGGCACTCAAAGGTGC-1","mc_4"
"CTL_muscle_1_GTATCTTTCCTTGCCA-1","CTL_muscle_1_GTATCTTTCCTTGCCA-1","mc_82"
"CTL_muscle_1_GTCACAACAACTGCGC-1","CTL_muscle_1_GTCACAACAACTGCGC-1","mc_103"
"CTL_muscle_1_GTCACGGAGAAGGCCT-1","CTL_muscle_1_GTCACGGAGAAGGCCT-1","mc_66"
"CTL_muscle_1_GTCACGGGTCGCGGTT-1","CTL_muscle_1_GTCACGGGTCGCGGTT-1","mc_42"
"CTL_muscle_1_GTCTTCGAGGGAACGG-1","CTL_muscle_1_GTCTTCGAGGGAACGG-1","mc_29"
"CTL_muscle_1_GTCTTCGGTGTGAAAT-1","CTL_muscle_1_GTCTTCGGTGTGAAAT-1","mc_82"
"CTL_muscle_1_GTGCATATCATCGGAT-1","CTL_muscle_1_GTGCATATCATCGGAT-1","mc_84"
"CTL_muscle_1_GTGCTTCTCCAAAGTC-1","CTL_muscle_1_GTGCTTCTCCAAAGTC-1","mc_53"
"CTL_muscle_1_GTGTGCGGTCGCGAAA-1","CTL_muscle_1_GTGTGCGGTCGCGAAA-1","mc_61"
"CTL_muscle_1_GTTCGGGCAAAGGCGT-1","CTL_muscle_1_GTTCGGGCAAAGGCGT-1","mc_21"
"CTL_muscle_1_TAAGTGCCAAGCCGCT-1","CTL_muscle_1_TAAGTGCCAAGCCGCT-1","mc_23"
"CTL_muscle_1_TACACGACAGTCTTCC-1","CTL_muscle_1_TACACGACAGTCTTCC-1","mc_30"
"CTL_muscle_1_TACCTTACAGCTCGAC-1","CTL_muscle_1_TACCTTACAGCTCGAC-1","mc_1"
"CTL_muscle_1_TACCTTATCGACAGCC-1","CTL_muscle_1_TACCTTATCGACAGCC-1","mc_20"
"CTL_muscle_1_TAGAGCTGTCACCCAG-1","CTL_muscle_1_TAGAGCTGTCACCCAG-1","mc_29"
"CTL_muscle_1_TAGCCGGCAATGTTGC-1","CTL_muscle_1_TAGCCGGCAATGTTGC-1","mc_102"
"CTL_muscle_1_TATTACCGTCAACTGT-1","CTL_muscle_1_TATTACCGTCAACTGT-1","mc_65"
"CTL_muscle_1_TCACAAGGTCGCGAAA-1","CTL_muscle_1_TCACAAGGTCGCGAAA-1","mc_29"
"CTL_muscle_1_TCACGAATCATACGGT-1","CTL_muscle_1_TCACGAATCATACGGT-1","mc_38"
"CTL_muscle_1_TCAGCTCGTACGACCC-1","CTL_muscle_1_TCAGCTCGTACGACCC-1","mc_65"
"CTL_muscle_1_TCAGGATAGTTGTCGT-1","CTL_muscle_1_TCAGGATAGTTGTCGT-1","mc_60"
"CTL_muscle_1_TCATTACCAGGGTACA-1","CTL_muscle_1_TCATTACCAGGGTACA-1","mc_103"
"CTL_muscle_1_TCATTTGCACAACGCC-1","CTL_muscle_1_TCATTTGCACAACGCC-1","mc_44"
"CTL_muscle_1_TCGCGAGCAAGAGTCG-1","CTL_muscle_1_TCGCGAGCAAGAGTCG-1","mc_60"
"CTL_muscle_1_TCGGGACCATATGAGA-1","CTL_muscle_1_TCGGGACCATATGAGA-1","mc_66"
"CTL_muscle_1_TCGGGACGTAGAGTGC-1","CTL_muscle_1_TCGGGACGTAGAGTGC-1","mc_53"
"CTL_muscle_1_TCGTAGATCCTTGACC-1","CTL_muscle_1_TCGTAGATCCTTGACC-1","mc_53"
"CTL_muscle_1_TCTTTCCAGTAGCCGA-1","CTL_muscle_1_TCTTTCCAGTAGCCGA-1","mc_29"
"CTL_muscle_1_TGCTACCAGGCATGGT-1","CTL_muscle_1_TGCTACCAGGCATGGT-1","mc_83"
"CTL_muscle_1_TGCTACCGTCATATGC-1","CTL_muscle_1_TGCTACCGTCATATGC-1","mc_15"
"CTL_muscle_1_TGGACGCTCGTGTAGT-1","CTL_muscle_1_TGGACGCTCGTGTAGT-1","mc_28"
"CTL_muscle_1_TGGTTAGCATCCAACA-1","CTL_muscle_1_TGGTTAGCATCCAACA-1","mc_53"
"CTL_muscle_1_TGGTTCCCAGCTGGCT-1","CTL_muscle_1_TGGTTCCCAGCTGGCT-1","mc_60"
"CTL_muscle_1_TGTCCCACATGGGACA-1","CTL_muscle_1_TGTCCCACATGGGACA-1","mc_60"
"CTL_muscle_1_TGTTCCGAGTGCAAGC-1","CTL_muscle_1_TGTTCCGAGTGCAAGC-1","mc_39"
"CTL_muscle_1_TTAGTTCAGGTTACCT-1","CTL_muscle_1_TTAGTTCAGGTTACCT-1","mc_30"
"CTL_muscle_1_TTCCCAGTCGGCGGTT-1","CTL_muscle_1_TTCCCAGTCGGCGGTT-1","mc_82"
"CTL_muscle_1_TTCTCAAAGCCAGAAC-1","CTL_muscle_1_TTCTCAAAGCCAGAAC-1","mc_39"
"CTL_muscle_1_TTCTCCTCACGCATCG-1","CTL_muscle_1_TTCTCCTCACGCATCG-1","mc_60"
"CTL_muscle_1_TTTACTGTCCGCAAGC-1","CTL_muscle_1_TTTACTGTCCGCAAGC-1","mc_39"
"CTL_muscle_1_TTTCCTCTCCCACTTG-1","CTL_muscle_1_TTTCCTCTCCCACTTG-1","mc_53"
"MET_muscle_1_AAAGATGAGAGATGAG-1","MET_muscle_1_AAAGATGAGAGATGAG-1","mc_70"
"MET_muscle_1_AAAGATGTCTTCGGTC-1","MET_muscle_1_AAAGATGTCTTCGGTC-1","mc_3"
"MET_muscle_1_AAAGTAGCAAGAGGCT-1","MET_muscle_1_AAAGTAGCAAGAGGCT-1","mc_87"
"MET_muscle_1_AAATGCCCACCTCGTT-1","MET_muscle_1_AAATGCCCACCTCGTT-1","mc_17"
"MET_muscle_1_AACACGTGTAAGTGTA-1","MET_muscle_1_AACACGTGTAAGTGTA-1","mc_50"
"MET_muscle_1_AACGTTGGTTGTGGCC-1","MET_muscle_1_AACGTTGGTTGTGGCC-1","mc_97"
"MET_muscle_1_AACTCAGGTTGGTGGA-1","MET_muscle_1_AACTCAGGTTGGTGGA-1","mc_45"
"MET_muscle_1_AACTCCCGTGCATCTA-1","MET_muscle_1_AACTCCCGTGCATCTA-1","mc_86"
"MET_muscle_1_AACTCTTGTCTTGCGG-1","MET_muscle_1_AACTCTTGTCTTGCGG-1","mc_5"
"MET_muscle_1_AACTGGTCACATAACC-1","MET_muscle_1_AACTGGTCACATAACC-1","mc_72"
"MET_muscle_1_AACTTTCCAGTCGTGC-1","MET_muscle_1_AACTTTCCAGTCGTGC-1","mc_71"
"MET_muscle_1_AAGACCTCACATCTTT-1","MET_muscle_1_AAGACCTCACATCTTT-1","mc_0"
"MET_muscle_1_AAGACCTCACCCATTC-1","MET_muscle_1_AAGACCTCACCCATTC-1","mc_47"
"MET_muscle_1_AAGACCTGTGACGGTA-1","MET_muscle_1_AAGACCTGTGACGGTA-1","mc_92"
"MET_muscle_1_AAGCCGCCACCAGATT-1","MET_muscle_1_AAGCCGCCACCAGATT-1","mc_9"
"MET_muscle_1_AAGGAGCTCATGCTCC-1","MET_muscle_1_AAGGAGCTCATGCTCC-1","mc_12"
"MET_muscle_1_AAGGTTCTCGTCTGCT-1","MET_muscle_1_AAGGTTCTCGTCTGCT-1","mc_73"
"MET_muscle_1_ACACCAATCCTTAATC-1","MET_muscle_1_ACACCAATCCTTAATC-1","mc_94"
"MET_muscle_1_ACACCAATCTTAGCCC-1","MET_muscle_1_ACACCAATCTTAGCCC-1","mc_104"
"MET_muscle_1_ACACCCTAGATGGGTC-1","MET_muscle_1_ACACCCTAGATGGGTC-1","mc_88"
"MET_muscle_1_ACACCCTGTCCATGAT-1","MET_muscle_1_ACACCCTGTCCATGAT-1","mc_32"
"MET_muscle_1_ACACTGAAGTGTGAAT-1","MET_muscle_1_ACACTGAAGTGTGAAT-1","mc_3"
"MET_muscle_1_ACAGCTATCTGAGGGA-1","MET_muscle_1_ACAGCTATCTGAGGGA-1","mc_16"
"MET_muscle_1_ACATCAGAGACTAGGC-1","MET_muscle_1_ACATCAGAGACTAGGC-1","mc_5"
"MET_muscle_1_ACCGTAACAGGGTATG-1","MET_muscle_1_ACCGTAACAGGGTATG-1","mc_67"
"MET_muscle_1_ACCTTTATCATGCATG-1","MET_muscle_1_ACCTTTATCATGCATG-1","mc_41"
"MET_muscle_1_ACGAGCCCACGTCTCT-1","MET_muscle_1_ACGAGCCCACGTCTCT-1","mc_13"
"MET_muscle_1_ACGAGGACAATTCCTT-1","MET_muscle_1_ACGAGGACAATTCCTT-1","mc_17"
"MET_muscle_1_ACGATACCACTCAGGC-1","MET_muscle_1_ACGATACCACTCAGGC-1","mc_9"
"MET_muscle_1_ACGCCGACACGAGGTA-1","MET_muscle_1_ACGCCGACACGAGGTA-1","mc_48"
"MET_muscle_1_ACGCCGATCGAATGGG-1","MET_muscle_1_ACGCCGATCGAATGGG-1","mc_50"
"MET_muscle_1_ACGCCGATCTGACCTC-1","MET_muscle_1_ACGCCGATCTGACCTC-1","mc_73"
"MET_muscle_1_ACGGAGAAGTCTCGGC-1","MET_muscle_1_ACGGAGAAGTCTCGGC-1","mc_27"
"MET_muscle_1_ACGGGTCCACATAACC-1","MET_muscle_1_ACGGGTCCACATAACC-1","mc_68"
"MET_muscle_1_ACTGAGTGTACAGTGG-1","MET_muscle_1_ACTGAGTGTACAGTGG-1","mc_25"
"MET_muscle_1_ACTGAGTTCTTGAGGT-1","MET_muscle_1_ACTGAGTTCTTGAGGT-1","mc_35"
"MET_muscle_1_ACTGCTCCACAGACAG-1","MET_muscle_1_ACTGCTCCACAGACAG-1","mc_69"
"MET_muscle_1_ACTGTCCGTCTAGTGT-1","MET_muscle_1_ACTGTCCGTCTAGTGT-1","mc_7"
"MET_muscle_1_ACTTACTTCGCTAGCG-1","MET_muscle_1_ACTTACTTCGCTAGCG-1","mc_105"
"MET_muscle_1_ACTTGTTCACAGACAG-1","MET_muscle_1_ACTTGTTCACAGACAG-1","mc_10"
"MET_muscle_1_AGAGTGGGTAGAGGAA-1","MET_muscle_1_AGAGTGGGTAGAGGAA-1","mc_34"
"MET_muscle_1_AGAGTGGTCTTGGGTA-1","MET_muscle_1_AGAGTGGTCTTGGGTA-1","mc_57"
"MET_muscle_1_AGATCTGTCGTGGGAA-1","MET_muscle_1_AGATCTGTCGTGGGAA-1","mc_76"
"MET_muscle_1_AGATTGCTCATCGGAT-1","MET_muscle_1_AGATTGCTCATCGGAT-1","mc_76"
"MET_muscle_1_AGCATACCAAACAACA-1","MET_muscle_1_AGCATACCAAACAACA-1","mc_96"
"MET_muscle_1_AGCGGTCAGAAGAAGC-1","MET_muscle_1_AGCGGTCAGAAGAAGC-1","mc_76"
"MET_muscle_1_AGCGTCGAGCAGGTCA-1","MET_muscle_1_AGCGTCGAGCAGGTCA-1","mc_12"
"MET_muscle_1_AGCGTCGAGGTCGGAT-1","MET_muscle_1_AGCGTCGAGGTCGGAT-1","mc_93"
"MET_muscle_1_AGCGTCGCAGCTGCAC-1","MET_muscle_1_AGCGTCGCAGCTGCAC-1","mc_0"
"MET_muscle_1_AGCTCCTGTGCATCTA-1","MET_muscle_1_AGCTCCTGTGCATCTA-1","mc_22"
"MET_muscle_1_AGCTCTCAGTACGTTC-1","MET_muscle_1_AGCTCTCAGTACGTTC-1","mc_0"
"MET_muscle_1_AGCTTGACAAACGCGA-1","MET_muscle_1_AGCTTGACAAACGCGA-1","mc_27"
"MET_muscle_1_AGGGATGAGATGTTAG-1","MET_muscle_1_AGGGATGAGATGTTAG-1","mc_70"
"MET_muscle_1_AGGTCATCATATGCTG-1","MET_muscle_1_AGGTCATCATATGCTG-1","mc_71"
"MET_muscle_1_AGGTCCGCAATGGAGC-1","MET_muscle_1_AGGTCCGCAATGGAGC-1","mc_0"
"MET_muscle_1_AGTAGTCTCTGTTGAG-1","MET_muscle_1_AGTAGTCTCTGTTGAG-1","mc_93"
"MET_muscle_1_AGTGAGGTCGTACGGC-1","MET_muscle_1_AGTGAGGTCGTACGGC-1","mc_56"
"MET_muscle_1_AGTGTCAAGGATGGTC-1","MET_muscle_1_AGTGTCAAGGATGGTC-1","mc_67"
"MET_muscle_1_ATAACGCCAGGGAGAG-1","MET_muscle_1_ATAACGCCAGGGAGAG-1","mc_14"
"MET_muscle_1_ATAACGCGTCCGCTGA-1","MET_muscle_1_ATAACGCGTCCGCTGA-1","mc_73"
"MET_muscle_1_ATAAGAGTCACAGTAC-1","MET_muscle_1_ATAAGAGTCACAGTAC-1","mc_9"
"MET_muscle_1_ATAGACCCACACAGAG-1","MET_muscle_1_ATAGACCCACACAGAG-1","mc_17"
"MET_muscle_1_ATCATGGAGAGTACAT-1","MET_muscle_1_ATCATGGAGAGTACAT-1","mc_18"
"MET_muscle_1_ATCATGGGTCAGTGGA-1","MET_muscle_1_ATCATGGGTCAGTGGA-1","mc_34"
"MET_muscle_1_ATCCACCAGTTAAGTG-1","MET_muscle_1_ATCCACCAGTTAAGTG-1","mc_18"
"MET_muscle_1_ATCCGAAAGCTAACAA-1","MET_muscle_1_ATCCGAAAGCTAACAA-1","mc_72"
"MET_muscle_1_ATCCGAAAGGGAAACA-1","MET_muscle_1_ATCCGAAAGGGAAACA-1","mc_57"
"MET_muscle_1_ATCCGAAGTGAAAGAG-1","MET_muscle_1_ATCCGAAGTGAAAGAG-1","mc_73"
"MET_muscle_1_ATCTACTGTCTGGTCG-1","MET_muscle_1_ATCTACTGTCTGGTCG-1","mc_10"
"MET_muscle_1_ATCTGCCCACTTCTGC-1","MET_muscle_1_ATCTGCCCACTTCTGC-1","mc_47"
"MET_muscle_1_ATCTGCCCATCATCCC-1","MET_muscle_1_ATCTGCCCATCATCCC-1","mc_22"
"MET_muscle_1_ATGGGAGGTCATGCCG-1","MET_muscle_1_ATGGGAGGTCATGCCG-1","mc_8"
"MET_muscle_1_ATTATCCAGACTGTAA-1","MET_muscle_1_ATTATCCAGACTGTAA-1","mc_14"
"MET_muscle_1_ATTGGACCAACCGCCA-1","MET_muscle_1_ATTGGACCAACCGCCA-1","mc_68"
"MET_muscle_1_CAACCTCGTCAGCTAT-1","MET_muscle_1_CAACCTCGTCAGCTAT-1","mc_45"
"MET_muscle_1_CAACTAGCATGCAACT-1","MET_muscle_1_CAACTAGCATGCAACT-1","mc_17"
"MET_muscle_1_CAAGAAACACTAGTAC-1","MET_muscle_1_CAAGAAACACTAGTAC-1","mc_2"
"MET_muscle_1_CACAAACAGTTACCCA-1","MET_muscle_1_CACAAACAGTTACCCA-1","mc_5"
"MET_muscle_1_CACAAACCAACCGCCA-1","MET_muscle_1_CACAAACCAACCGCCA-1","mc_97"
"MET_muscle_1_CACAAACCATCCGGGT-1","MET_muscle_1_CACAAACCATCCGGGT-1","mc_94"
"MET_muscle_1_CACAGTACAAGAGGCT-1","MET_muscle_1_CACAGTACAAGAGGCT-1","mc_47"
"MET_muscle_1_CACATAGCAATGGTCT-1","MET_muscle_1_CACATAGCAATGGTCT-1","mc_17"
"MET_muscle_1_CACATAGTCAGTCCCT-1","MET_muscle_1_CACATAGTCAGTCCCT-1","mc_17"
"MET_muscle_1_CACCAGGGTAATAGCA-1","MET_muscle_1_CACCAGGGTAATAGCA-1","mc_14"
"MET_muscle_1_CACTCCACAATCCAAC-1","MET_muscle_1_CACTCCACAATCCAAC-1","mc_17"
"MET_muscle_1_CAGCATAAGTTGTAGA-1","MET_muscle_1_CAGCATAAGTTGTAGA-1","mc_32"
"MET_muscle_1_CAGCATATCTGTTTGT-1","MET_muscle_1_CAGCATATCTGTTTGT-1","mc_55"
"MET_muscle_1_CAGCCGATCAGTCCCT-1","MET_muscle_1_CAGCCGATCAGTCCCT-1","mc_34"
"MET_muscle_1_CAGTCCTCACCTCGGA-1","MET_muscle_1_CAGTCCTCACCTCGGA-1","mc_13"
"MET_muscle_1_CATCCACCATGCTGGC-1","MET_muscle_1_CATCCACCATGCTGGC-1","mc_58"
"MET_muscle_1_CATCGGGCATGGATGG-1","MET_muscle_1_CATCGGGCATGGATGG-1","mc_76"
"MET_muscle_1_CATGGCGAGTATCTCG-1","MET_muscle_1_CATGGCGAGTATCTCG-1","mc_97"
"MET_muscle_1_CATGGCGCATTCCTGC-1","MET_muscle_1_CATGGCGCATTCCTGC-1","mc_17"
"MET_muscle_1_CATGGCGGTGCCTGGT-1","MET_muscle_1_CATGGCGGTGCCTGGT-1","mc_14"
"MET_muscle_1_CCAATCCAGGGCTTCC-1","MET_muscle_1_CCAATCCAGGGCTTCC-1","mc_105"
"MET_muscle_1_CCACTACGTGACTACT-1","MET_muscle_1_CCACTACGTGACTACT-1","mc_92"
"MET_muscle_1_CCAGCGATCTTCGAGA-1","MET_muscle_1_CCAGCGATCTTCGAGA-1","mc_3"
"MET_muscle_1_CCGTACTAGTCATCCA-1","MET_muscle_1_CCGTACTAGTCATCCA-1","mc_17"
"MET_muscle_1_CCGTACTGTCGAACAG-1","MET_muscle_1_CCGTACTGTCGAACAG-1","mc_9"
"MET_muscle_1_CCGTTCAGTGGCCCTA-1","MET_muscle_1_CCGTTCAGTGGCCCTA-1","mc_3"
"MET_muscle_1_CCTACACAGGCGCTCT-1","MET_muscle_1_CCTACACAGGCGCTCT-1","mc_93"
"MET_muscle_1_CCTACCAGTGTGACGA-1","MET_muscle_1_CCTACCAGTGTGACGA-1","mc_97"
"MET_muscle_1_CCTAGCTGTAACGCGA-1","MET_muscle_1_CCTAGCTGTAACGCGA-1","mc_56"
"MET_muscle_1_CCTCAGTTCTGAGGGA-1","MET_muscle_1_CCTCAGTTCTGAGGGA-1","mc_56"
"MET_muscle_1_CCTCTGAAGGTAGCTG-1","MET_muscle_1_CCTCTGAAGGTAGCTG-1","mc_13"
"MET_muscle_1_CCTCTGAGTACAAGTA-1","MET_muscle_1_CCTCTGAGTACAAGTA-1","mc_2"
"MET_muscle_1_CCTTCCCAGACCGGAT-1","MET_muscle_1_CCTTCCCAGACCGGAT-1","mc_3"
"MET_muscle_1_CCTTCCCTCAGTCCCT-1","MET_muscle_1_CCTTCCCTCAGTCCCT-1","mc_34"
"MET_muscle_1_CCTTTCTAGCCGTCGT-1","MET_muscle_1_CCTTTCTAGCCGTCGT-1","mc_49"
"MET_muscle_1_CGAACATCAAGCTGTT-1","MET_muscle_1_CGAACATCAAGCTGTT-1","mc_45"
"MET_muscle_1_CGAACATCAAGGCTCC-1","MET_muscle_1_CGAACATCAAGGCTCC-1","mc_14"
"MET_muscle_1_CGAGAAGAGTGCGATG-1","MET_muscle_1_CGAGAAGAGTGCGATG-1","mc_85"
"MET_muscle_1_CGCTGGATCTGATTCT-1","MET_muscle_1_CGCTGGATCTGATTCT-1","mc_27"
"MET_muscle_1_CGGACTGGTTAGTGGG-1","MET_muscle_1_CGGACTGGTTAGTGGG-1","mc_14"
"MET_muscle_1_CGGAGCTAGAAGGTGA-1","MET_muscle_1_CGGAGCTAGAAGGTGA-1","mc_36"
"MET_muscle_1_CGGAGCTAGTTTCCTT-1","MET_muscle_1_CGGAGCTAGTTTCCTT-1","mc_75"
"MET_muscle_1_CGGGTCAAGAGACTTA-1","MET_muscle_1_CGGGTCAAGAGACTTA-1","mc_105"
"MET_muscle_1_CGGTTAACAGTCTTCC-1","MET_muscle_1_CGGTTAACAGTCTTCC-1","mc_92"
"MET_muscle_1_CGTAGCGGTAGGCATG-1","MET_muscle_1_CGTAGCGGTAGGCATG-1","mc_78"
"MET_muscle_1_CGTAGGCGTTCATGGT-1","MET_muscle_1_CGTAGGCGTTCATGGT-1","mc_48"
"MET_muscle_1_CGTCTACGTCGTTGTA-1","MET_muscle_1_CGTCTACGTCGTTGTA-1","mc_76"
"MET_muscle_1_CGTCTACTCTTGAGGT-1","MET_muscle_1_CGTCTACTCTTGAGGT-1","mc_45"
"MET_muscle_1_CGTGTCTAGCTTTGGT-1","MET_muscle_1_CGTGTCTAGCTTTGGT-1","mc_91"
"MET_muscle_1_CGTGTCTAGTTGTCGT-1","MET_muscle_1_CGTGTCTAGTTGTCGT-1","mc_22"
"MET_muscle_1_CGTGTCTGTGCGGTAA-1","MET_muscle_1_CGTGTCTGTGCGGTAA-1","mc_3"
"MET_muscle_1_CTAACTTAGGCTATCT-1","MET_muscle_1_CTAACTTAGGCTATCT-1","mc_36"
"MET_muscle_1_CTACATTAGGCTCTTA-1","MET_muscle_1_CTACATTAGGCTCTTA-1","mc_76"
"MET_muscle_1_CTAGAGTGTGCGCTTG-1","MET_muscle_1_CTAGAGTGTGCGCTTG-1","mc_98"
"MET_muscle_1_CTAGCCTCATGCGCAC-1","MET_muscle_1_CTAGCCTCATGCGCAC-1","mc_69"
"MET_muscle_1_CTAGTGAGTGACTACT-1","MET_muscle_1_CTAGTGAGTGACTACT-1","mc_63"
"MET_muscle_1_CTCGAGGTCATGTCTT-1","MET_muscle_1_CTCGAGGTCATGTCTT-1","mc_5"
"MET_muscle_1_CTCTAATCATGATCCA-1","MET_muscle_1_CTCTAATCATGATCCA-1","mc_2"
"MET_muscle_1_CTCTGGTGTGCAACTT-1","MET_muscle_1_CTCTGGTGTGCAACTT-1","mc_17"
"MET_muscle_1_CTGATAGAGCGTCAAG-1","MET_muscle_1_CTGATAGAGCGTCAAG-1","mc_94"
"MET_muscle_1_CTGATAGCAGCTGTTA-1","MET_muscle_1_CTGATAGCAGCTGTTA-1","mc_17"
"MET_muscle_1_CTGATCCAGGGCTCTC-1","MET_muscle_1_CTGATCCAGGGCTCTC-1","mc_87"
"MET_muscle_1_CTGATCCCACGGCCAT-1","MET_muscle_1_CTGATCCCACGGCCAT-1","mc_79"
"MET_muscle_1_CTGCTGTTCAATAAGG-1","MET_muscle_1_CTGCTGTTCAATAAGG-1","mc_2"
"MET_muscle_1_CTGGTCTTCGCCTGAG-1","MET_muscle_1_CTGGTCTTCGCCTGAG-1","mc_8"
"MET_muscle_1_CTTACCGGTTAGTGGG-1","MET_muscle_1_CTTACCGGTTAGTGGG-1","mc_6"
"MET_muscle_1_CTTAGGAAGCGCCTTG-1","MET_muscle_1_CTTAGGAAGCGCCTTG-1","mc_75"
"MET_muscle_1_CTTAGGAGTATGAATG-1","MET_muscle_1_CTTAGGAGTATGAATG-1","mc_55"
"MET_muscle_1_CTTCTCTCACCTATCC-1","MET_muscle_1_CTTCTCTCACCTATCC-1","mc_73"
"MET_muscle_1_CTTCTCTGTTGGTTTG-1","MET_muscle_1_CTTCTCTGTTGGTTTG-1","mc_92"
"MET_muscle_1_GAACATCTCACATAGC-1","MET_muscle_1_GAACATCTCACATAGC-1","mc_31"
"MET_muscle_1_GAATAAGTCACCGGGT-1","MET_muscle_1_GAATAAGTCACCGGGT-1","mc_3"
"MET_muscle_1_GACCAATTCCTCATTA-1","MET_muscle_1_GACCAATTCCTCATTA-1","mc_50"
"MET_muscle_1_GACGTTAGTGGTCTCG-1","MET_muscle_1_GACGTTAGTGGTCTCG-1","mc_32"
"MET_muscle_1_GACTAACCACGGTGTC-1","MET_muscle_1_GACTAACCACGGTGTC-1","mc_49"
"MET_muscle_1_GACTAACGTCTAGAGG-1","MET_muscle_1_GACTAACGTCTAGAGG-1","mc_14"
"MET_muscle_1_GAGGTGAAGAGCTGGT-1","MET_muscle_1_GAGGTGAAGAGCTGGT-1","mc_77"
"MET_muscle_1_GAGGTGACAGACAAGC-1","MET_muscle_1_GAGGTGACAGACAAGC-1","mc_105"
"MET_muscle_1_GAGGTGACATGTCGAT-1","MET_muscle_1_GAGGTGACATGTCGAT-1","mc_17"
"MET_muscle_1_GATCAGTGTTTCCACC-1","MET_muscle_1_GATCAGTGTTTCCACC-1","mc_89"
"MET_muscle_1_GATCGATAGCGTGAAC-1","MET_muscle_1_GATCGATAGCGTGAAC-1","mc_75"
"MET_muscle_1_GATCGTATCTGCTTGC-1","MET_muscle_1_GATCGTATCTGCTTGC-1","mc_6"
"MET_muscle_1_GATCTAGTCTAGCACA-1","MET_muscle_1_GATCTAGTCTAGCACA-1","mc_72"
"MET_muscle_1_GATGAAATCTTCGGTC-1","MET_muscle_1_GATGAAATCTTCGGTC-1","mc_3"
"MET_muscle_1_GATGAGGTCAAGCCTA-1","MET_muscle_1_GATGAGGTCAAGCCTA-1","mc_49"
"MET_muscle_1_GATGCTACACCAGCAC-1","MET_muscle_1_GATGCTACACCAGCAC-1","mc_75"
"MET_muscle_1_GATGCTAGTAAGGGAA-1","MET_muscle_1_GATGCTAGTAAGGGAA-1","mc_74"
"MET_muscle_1_GATTCAGGTGCCTGGT-1","MET_muscle_1_GATTCAGGTGCCTGGT-1","mc_9"
"MET_muscle_1_GCAAACTCAGCAGTTT-1","MET_muscle_1_GCAAACTCAGCAGTTT-1","mc_22"
"MET_muscle_1_GCAATCACATCCAACA-1","MET_muscle_1_GCAATCACATCCAACA-1","mc_14"
"MET_muscle_1_GCACTCTTCCAGAGGA-1","MET_muscle_1_GCACTCTTCCAGAGGA-1","mc_72"
"MET_muscle_1_GCAGCCACACCCATTC-1","MET_muscle_1_GCAGCCACACCCATTC-1","mc_73"
"MET_muscle_1_GCATACAAGCTAGTCT-1","MET_muscle_1_GCATACAAGCTAGTCT-1","mc_0"
"MET_muscle_1_GCATGCGAGGCCCTCA-1","MET_muscle_1_GCATGCGAGGCCCTCA-1","mc_32"
"MET_muscle_1_GCCTCTAGTGTTCGAT-1","MET_muscle_1_GCCTCTAGTGTTCGAT-1","mc_14"
"MET_muscle_1_GCGACCACACATAACC-1","MET_muscle_1_GCGACCACACATAACC-1","mc_76"
"MET_muscle_1_GCGCAACGTACACCGC-1","MET_muscle_1_GCGCAACGTACACCGC-1","mc_93"
"MET_muscle_1_GCTCCTAAGCTAGTCT-1","MET_muscle_1_GCTCCTAAGCTAGTCT-1","mc_14"
"MET_muscle_1_GCTCTGTTCTAGAGTC-1","MET_muscle_1_GCTCTGTTCTAGAGTC-1","mc_76"
"MET_muscle_1_GCTGCAGAGAATGTGT-1","MET_muscle_1_GCTGCAGAGAATGTGT-1","mc_12"
"MET_muscle_1_GCTTCCAGTCAAACTC-1","MET_muscle_1_GCTTCCAGTCAAACTC-1","mc_33"
"MET_muscle_1_GCTTGAAGTGTTAAGA-1","MET_muscle_1_GCTTGAAGTGTTAAGA-1","mc_50"
"MET_muscle_1_GCTTGAATCCACGCAG-1","MET_muscle_1_GCTTGAATCCACGCAG-1","mc_96"
"MET_muscle_1_GGAAAGCCATTCACTT-1","MET_muscle_1_GGAAAGCCATTCACTT-1","mc_34"
"MET_muscle_1_GGAATAAGTAGCCTAT-1","MET_muscle_1_GGAATAAGTAGCCTAT-1","mc_10"
"MET_muscle_1_GGACAAGTCAAAGTAG-1","MET_muscle_1_GGACAAGTCAAAGTAG-1","mc_36"
"MET_muscle_1_GGACGTCAGTACGACG-1","MET_muscle_1_GGACGTCAGTACGACG-1","mc_92"
"MET_muscle_1_GGAGCAAGTTATCACG-1","MET_muscle_1_GGAGCAAGTTATCACG-1","mc_75"
"MET_muscle_1_GGATTACGTAGGAGTC-1","MET_muscle_1_GGATTACGTAGGAGTC-1","mc_74"
"MET_muscle_1_GGCGACTAGCAAATCA-1","MET_muscle_1_GGCGACTAGCAAATCA-1","mc_85"
"MET_muscle_1_GGCGACTGTGTGCCTG-1","MET_muscle_1_GGCGACTGTGTGCCTG-1","mc_40"
"MET_muscle_1_GGCGTGTAGTAGGCCA-1","MET_muscle_1_GGCGTGTAGTAGGCCA-1","mc_3"
"MET_muscle_1_GGCGTGTCAGTAAGCG-1","MET_muscle_1_GGCGTGTCAGTAAGCG-1","mc_7"
"MET_muscle_1_GGGACCTCATGGGAAC-1","MET_muscle_1_GGGACCTCATGGGAAC-1","mc_34"
"MET_muscle_1_GGGACCTTCGCAGGCT-1","MET_muscle_1_GGGACCTTCGCAGGCT-1","mc_5"
"MET_muscle_1_GGGAGATGTGGAAAGA-1","MET_muscle_1_GGGAGATGTGGAAAGA-1","mc_98"
"MET_muscle_1_GGGCACTGTGACTACT-1","MET_muscle_1_GGGCACTGTGACTACT-1","mc_27"
"MET_muscle_1_GGGTCTGTCCAGTAGT-1","MET_muscle_1_GGGTCTGTCCAGTAGT-1","mc_76"
"MET_muscle_1_GGTGCGTAGTCACGCC-1","MET_muscle_1_GGTGCGTAGTCACGCC-1","mc_34"
"MET_muscle_1_GTACTCCCATGTTCCC-1","MET_muscle_1_GTACTCCCATGTTCCC-1","mc_93"
"MET_muscle_1_GTACTTTCACTTACGA-1","MET_muscle_1_GTACTTTCACTTACGA-1","mc_16"
"MET_muscle_1_GTCCTCATCTAACCGA-1","MET_muscle_1_GTCCTCATCTAACCGA-1","mc_97"
"MET_muscle_1_GTCTCGTAGTGTACTC-1","MET_muscle_1_GTCTCGTAGTGTACTC-1","mc_89"
"MET_muscle_1_GTCTCGTGTCCCTACT-1","MET_muscle_1_GTCTCGTGTCCCTACT-1","mc_88"
"MET_muscle_1_GTGAAGGCAGCGTCCA-1","MET_muscle_1_GTGAAGGCAGCGTCCA-1","mc_76"
"MET_muscle_1_GTGCAGCGTAAGTTCC-1","MET_muscle_1_GTGCAGCGTAAGTTCC-1","mc_79"
"MET_muscle_1_GTGCATAAGTTTAGGA-1","MET_muscle_1_GTGCATAAGTTTAGGA-1","mc_2"
"MET_muscle_1_GTGGGTCGTCCATCCT-1","MET_muscle_1_GTGGGTCGTCCATCCT-1","mc_14"
"MET_muscle_1_GTTCATTAGTACGATA-1","MET_muscle_1_GTTCATTAGTACGATA-1","mc_105"
"MET_muscle_1_GTTCATTTCGTCTGCT-1","MET_muscle_1_GTTCATTTCGTCTGCT-1","mc_97"
"MET_muscle_1_GTTCGGGCAGCGAACA-1","MET_muscle_1_GTTCGGGCAGCGAACA-1","mc_27"
"MET_muscle_1_GTTTCTAGTTACCGAT-1","MET_muscle_1_GTTTCTAGTTACCGAT-1","mc_2"
"MET_muscle_1_GTTTCTATCATGTCTT-1","MET_muscle_1_GTTTCTATCATGTCTT-1","mc_17"
"MET_muscle_1_TAAACCGCAGTTCCCT-1","MET_muscle_1_TAAACCGCAGTTCCCT-1","mc_97"
"MET_muscle_1_TAAGAGAAGCTAAGAT-1","MET_muscle_1_TAAGAGAAGCTAAGAT-1","mc_35"
"MET_muscle_1_TAAGTGCCAGCTATTG-1","MET_muscle_1_TAAGTGCCAGCTATTG-1","mc_14"
"MET_muscle_1_TAAGTGCTCGTGGACC-1","MET_muscle_1_TAAGTGCTCGTGGACC-1","mc_94"
"MET_muscle_1_TACGGGCTCACTTCAT-1","MET_muscle_1_TACGGGCTCACTTCAT-1","mc_6"
"MET_muscle_1_TAGCCGGAGTTGCAGG-1","MET_muscle_1_TAGCCGGAGTTGCAGG-1","mc_17"
"MET_muscle_1_TAGGCATCAATGGATA-1","MET_muscle_1_TAGGCATCAATGGATA-1","mc_16"
"MET_muscle_1_TAGGCATCAGCTCGAC-1","MET_muscle_1_TAGGCATCAGCTCGAC-1","mc_17"
"MET_muscle_1_TATCAGGTCGGCATCG-1","MET_muscle_1_TATCAGGTCGGCATCG-1","mc_96"
"MET_muscle_1_TATCTCATCAGTCAGT-1","MET_muscle_1_TATCTCATCAGTCAGT-1","mc_0"
"MET_muscle_1_TATTACCTCTGTTTGT-1","MET_muscle_1_TATTACCTCTGTTTGT-1","mc_41"
"MET_muscle_1_TCACAAGAGCGTAATA-1","MET_muscle_1_TCACAAGAGCGTAATA-1","mc_76"
"MET_muscle_1_TCACGAAGTTAGATGA-1","MET_muscle_1_TCACGAAGTTAGATGA-1","mc_2"
"MET_muscle_1_TCAGCTCAGAGGTTAT-1","MET_muscle_1_TCAGCTCAGAGGTTAT-1","mc_32"
"MET_muscle_1_TCAGGTAAGATGTGGC-1","MET_muscle_1_TCAGGTAAGATGTGGC-1","mc_50"
"MET_muscle_1_TCAGGTAAGGGCACTA-1","MET_muscle_1_TCAGGTAAGGGCACTA-1","mc_69"
"MET_muscle_1_TCATTTGGTTAAGTAG-1","MET_muscle_1_TCATTTGGTTAAGTAG-1","mc_8"
"MET_muscle_1_TCCACACTCGACAGCC-1","MET_muscle_1_TCCACACTCGACAGCC-1","mc_6"
"MET_muscle_1_TCGCGAGAGCTACCGC-1","MET_muscle_1_TCGCGAGAGCTACCGC-1","mc_14"
"MET_muscle_1_TCGCGAGTCGTTACAG-1","MET_muscle_1_TCGCGAGTCGTTACAG-1","mc_93"
"MET_muscle_1_TCGGGACAGTCCTCCT-1","MET_muscle_1_TCGGGACAGTCCTCCT-1","mc_71"
"MET_muscle_1_TCTGAGACAGTTCCCT-1","MET_muscle_1_TCTGAGACAGTTCCCT-1","mc_92"
"MET_muscle_1_TGAGAGGCACCAGGTC-1","MET_muscle_1_TGAGAGGCACCAGGTC-1","mc_0"
"MET_muscle_1_TGAGGGAAGCATGGCA-1","MET_muscle_1_TGAGGGAAGCATGGCA-1","mc_17"
"MET_muscle_1_TGCCAAACATGGAATA-1","MET_muscle_1_TGCCAAACATGGAATA-1","mc_92"
"MET_muscle_1_TGCCCATCACAAGTAA-1","MET_muscle_1_TGCCCATCACAAGTAA-1","mc_40"
"MET_muscle_1_TGCGGGTAGATGTTAG-1","MET_muscle_1_TGCGGGTAGATGTTAG-1","mc_7"
"MET_muscle_1_TGCGGGTAGGCTAGCA-1","MET_muscle_1_TGCGGGTAGGCTAGCA-1","mc_34"
"MET_muscle_1_TGCTGCTCATTATCTC-1","MET_muscle_1_TGCTGCTCATTATCTC-1","mc_17"
"MET_muscle_1_TGGACGCTCAGATAAG-1","MET_muscle_1_TGGACGCTCAGATAAG-1","mc_17"
"MET_muscle_1_TGGCTGGCACTGTGTA-1","MET_muscle_1_TGGCTGGCACTGTGTA-1","mc_56"
"MET_muscle_1_TGGGAAGCATCCCACT-1","MET_muscle_1_TGGGAAGCATCCCACT-1","mc_57"
"MET_muscle_1_TGGGCGTGTCGAAAGC-1","MET_muscle_1_TGGGCGTGTCGAAAGC-1","mc_63"
"MET_muscle_1_TGGTTAGGTCAATGTC-1","MET_muscle_1_TGGTTAGGTCAATGTC-1","mc_27"
"MET_muscle_1_TGGTTCCTCTGCGACG-1","MET_muscle_1_TGGTTCCTCTGCGACG-1","mc_68"
"MET_muscle_1_TTAGTTCTCAGTTGAC-1","MET_muscle_1_TTAGTTCTCAGTTGAC-1","mc_32"
"MET_muscle_1_TTCCCAGGTGCAGTAG-1","MET_muscle_1_TTCCCAGGTGCAGTAG-1","mc_36"
"MET_muscle_1_TTCGAAGTCTTTACGT-1","MET_muscle_1_TTCGAAGTCTTTACGT-1","mc_35"
"MET_muscle_1_TTCGGTCCAGCCACCA-1","MET_muscle_1_TTCGGTCCAGCCACCA-1","mc_9"
"MET_muscle_1_TTCGGTCTCCACTCCA-1","MET_muscle_1_TTCGGTCTCCACTCCA-1","mc_80"
"MET_muscle_1_TTCTCAAGTGAGTGAC-1","MET_muscle_1_TTCTCAAGTGAGTGAC-1","mc_7"
"MET_muscle_1_TTGACTTCATAGAAAC-1","MET_muscle_1_TTGACTTCATAGAAAC-1","mc_51"
"MET_muscle_1_TTGCCGTCAGTATCTG-1","MET_muscle_1_TTGCCGTCAGTATCTG-1","mc_92"
"MET_muscle_1_TTGCGTCCAAACCCAT-1","MET_muscle_1_TTGCGTCCAAACCCAT-1","mc_5"
"MET_muscle_1_TTGGAACGTATTCGTG-1","MET_muscle_1_TTGGAACGTATTCGTG-1","mc_34"
"MET_muscle_1_TTGGAACTCACAGGCC-1","MET_muscle_1_TTGGAACTCACAGGCC-1","mc_36"
"MET_muscle_1_TTTACTGTCAGAGCTT-1","MET_muscle_1_TTTACTGTCAGAGCTT-1","mc_104"
"MET_muscle_1_TTTGGTTAGAGACTTA-1","MET_muscle_1_TTTGGTTAGAGACTTA-1","mc_2"
"MET_muscle_1_TTTGGTTCATGTAGTC-1","MET_muscle_1_TTTGGTTCATGTAGTC-1","mc_77"
"MET_muscle_1_TTTGTCACACGTCAGC-1","MET_muscle_1_TTTGTCACACGTCAGC-1","mc_90"
"CTL_muscle_2_AAACCTGAGCATGGCA-1","CTL_muscle_2_AAACCTGAGCATGGCA-1","mc_60"
"CTL_muscle_2_AACCGCGAGCACCGCT-1","CTL_muscle_2_AACCGCGAGCACCGCT-1","mc_37"
"CTL_muscle_2_AAGGAGCGTGGCCCTA-1","CTL_muscle_2_AAGGAGCGTGGCCCTA-1","mc_52"
"CTL_muscle_2_ACATACGTCATGTAGC-1","CTL_muscle_2_ACATACGTCATGTAGC-1","mc_81"
"CTL_muscle_2_ACCCACTAGCCGGTAA-1","CTL_muscle_2_ACCCACTAGCCGGTAA-1","mc_28"
"CTL_muscle_2_ACCTTTAAGTACCGGA-1","CTL_muscle_2_ACCTTTAAGTACCGGA-1","mc_29"
"CTL_muscle_2_ACGAGCCTCGCTTGTC-1","CTL_muscle_2_ACGAGCCTCGCTTGTC-1","mc_53"
"CTL_muscle_2_ACGATACGTGGTTTCA-1","CTL_muscle_2_ACGATACGTGGTTTCA-1","mc_100"
"CTL_muscle_2_ACGGGTCAGCTAAACA-1","CTL_muscle_2_ACGGGTCAGCTAAACA-1","mc_20"
"CTL_muscle_2_ACGGGTCTCCGAATGT-1","CTL_muscle_2_ACGGGTCTCCGAATGT-1","mc_84"
"CTL_muscle_2_ACTATCTGTCTCCATC-1","CTL_muscle_2_ACTATCTGTCTCCATC-1","mc_82"
"CTL_muscle_2_AGACGTTGTCTGCCAG-1","CTL_muscle_2_AGACGTTGTCTGCCAG-1","mc_83"
"CTL_muscle_2_AGATTGCCACTTAAGC-1","CTL_muscle_2_AGATTGCCACTTAAGC-1","mc_20"
"CTL_muscle_2_AGCAGCCAGTGAAGAG-1","CTL_muscle_2_AGCAGCCAGTGAAGAG-1","mc_63"
"CTL_muscle_2_AGCAGCCGTGCGGTAA-1","CTL_muscle_2_AGCAGCCGTGCGGTAA-1","mc_24"
"CTL_muscle_2_AGCCTAATCCGTCATC-1","CTL_muscle_2_AGCCTAATCCGTCATC-1","mc_38"
"CTL_muscle_2_AGCGGTCAGACAAAGG-1","CTL_muscle_2_AGCGGTCAGACAAAGG-1","mc_60"
"CTL_muscle_2_AGCTCCTTCGTTACAG-1","CTL_muscle_2_AGCTCCTTCGTTACAG-1","mc_60"
"CTL_muscle_2_AGGCCGTGTGTGTGCC-1","CTL_muscle_2_AGGCCGTGTGTGTGCC-1","mc_61"
"CTL_muscle_2_AGGCCGTTCAGAAATG-1","CTL_muscle_2_AGGCCGTTCAGAAATG-1","mc_60"
"CTL_muscle_2_AGGGAGTCATGGTTGT-1","CTL_muscle_2_AGGGAGTCATGGTTGT-1","mc_63"
"CTL_muscle_2_AGTCTTTTCATCACCC-1","CTL_muscle_2_AGTCTTTTCATCACCC-1","mc_53"
"CTL_muscle_2_ATCACGAAGGCTCATT-1","CTL_muscle_2_ATCACGAAGGCTCATT-1","mc_81"
"CTL_muscle_2_ATCATCTTCCGCGCAA-1","CTL_muscle_2_ATCATCTTCCGCGCAA-1","mc_60"
"CTL_muscle_2_ATCTGCCGTATAGGGC-1","CTL_muscle_2_ATCTGCCGTATAGGGC-1","mc_53"
"CTL_muscle_2_ATGAGGGCACGGACAA-1","CTL_muscle_2_ATGAGGGCACGGACAA-1","mc_60"
"CTL_muscle_2_ATGCGATAGATCTGAA-1","CTL_muscle_2_ATGCGATAGATCTGAA-1","mc_81"
"CTL_muscle_2_ATGGGAGCACCGAAAG-1","CTL_muscle_2_ATGGGAGCACCGAAAG-1","mc_61"
"CTL_muscle_2_ATTTCTGGTCACACGC-1","CTL_muscle_2_ATTTCTGGTCACACGC-1","mc_60"
"CTL_muscle_2_CACAAACTCATAGCAC-1","CTL_muscle_2_CACAAACTCATAGCAC-1","mc_61"
"CTL_muscle_2_CACACTCTCCAGGGCT-1","CTL_muscle_2_CACACTCTCCAGGGCT-1","mc_62"
"CTL_muscle_2_CACAGTATCACAAACC-1","CTL_muscle_2_CACAGTATCACAAACC-1","mc_54"
"CTL_muscle_2_CACCAGGTCCCTCAGT-1","CTL_muscle_2_CACCAGGTCCCTCAGT-1","mc_28"
"CTL_muscle_2_CAGCATACACAGTCGC-1","CTL_muscle_2_CAGCATACACAGTCGC-1","mc_81"
"CTL_muscle_2_CAGCATACACCACGTG-1","CTL_muscle_2_CAGCATACACCACGTG-1","mc_84"
"CTL_muscle_2_CAGTAACCACGAGAGT-1","CTL_muscle_2_CAGTAACCACGAGAGT-1","mc_52"
"CTL_muscle_2_CAGTAACGTGTATGGG-1","CTL_muscle_2_CAGTAACGTGTATGGG-1","mc_37"
"CTL_muscle_2_CATATGGGTCGCGGTT-1","CTL_muscle_2_CATATGGGTCGCGGTT-1","mc_23"
"CTL_muscle_2_CATATGGGTTCGCGAC-1","CTL_muscle_2_CATATGGGTTCGCGAC-1","mc_54"
"CTL_muscle_2_CATCAGATCTCCGGTT-1","CTL_muscle_2_CATCAGATCTCCGGTT-1","mc_23"
"CTL_muscle_2_CATGCCTTCCTAGGGC-1","CTL_muscle_2_CATGCCTTCCTAGGGC-1","mc_63"
"CTL_muscle_2_CATTATCAGAATCTCC-1","CTL_muscle_2_CATTATCAGAATCTCC-1","mc_37"
"CTL_muscle_2_CATTATCAGGCGTACA-1","CTL_muscle_2_CATTATCAGGCGTACA-1","mc_81"
"CTL_muscle_2_CATTCGCAGTGCCAGA-1","CTL_muscle_2_CATTCGCAGTGCCAGA-1","mc_37"
"CTL_muscle_2_CCATGTCAGTGGACGT-1","CTL_muscle_2_CCATGTCAGTGGACGT-1","mc_61"
"CTL_muscle_2_CCATTCGCAAGCTGTT-1","CTL_muscle_2_CCATTCGCAAGCTGTT-1","mc_53"
"CTL_muscle_2_CCCAATCAGGACCACA-1","CTL_muscle_2_CCCAATCAGGACCACA-1","mc_37"
"CTL_muscle_2_CCCTCCTGTCAGCTAT-1","CTL_muscle_2_CCCTCCTGTCAGCTAT-1","mc_60"
"CTL_muscle_2_CCGTTCAAGTGAACAT-1","CTL_muscle_2_CCGTTCAAGTGAACAT-1","mc_4"
"CTL_muscle_2_CCTAGCTTCGGTCCGA-1","CTL_muscle_2_CCTAGCTTCGGTCCGA-1","mc_61"
"CTL_muscle_2_CCTATTATCATATCGG-1","CTL_muscle_2_CCTATTATCATATCGG-1","mc_30"
"CTL_muscle_2_CCTTCCCAGGGATCTG-1","CTL_muscle_2_CCTTCCCAGGGATCTG-1","mc_42"
"CTL_muscle_2_CGAGCACTCGCCATAA-1","CTL_muscle_2_CGAGCACTCGCCATAA-1","mc_99"
"CTL_muscle_2_CGATGGCCAGGTGGAT-1","CTL_muscle_2_CGATGGCCAGGTGGAT-1","mc_38"
"CTL_muscle_2_CGCTATCAGGTCGGAT-1","CTL_muscle_2_CGCTATCAGGTCGGAT-1","mc_1"
"CTL_muscle_2_CGCTATCTCCGCATCT-1","CTL_muscle_2_CGCTATCTCCGCATCT-1","mc_62"
"CTL_muscle_2_CGCTGGACATGGATGG-1","CTL_muscle_2_CGCTGGACATGGATGG-1","mc_60"
"CTL_muscle_2_CGGACGTGTAGTGAAT-1","CTL_muscle_2_CGGACGTGTAGTGAAT-1","mc_37"
"CTL_muscle_2_CGGAGTCCAGCGTAAG-1","CTL_muscle_2_CGGAGTCCAGCGTAAG-1","mc_99"
"CTL_muscle_2_CGGGTCATCAATACCG-1","CTL_muscle_2_CGGGTCATCAATACCG-1","mc_60"
"CTL_muscle_2_CGTGAGCTCTTCAACT-1","CTL_muscle_2_CGTGAGCTCTTCAACT-1","mc_63"
"CTL_muscle_2_CGTTAGACATGTCTCC-1","CTL_muscle_2_CGTTAGACATGTCTCC-1","mc_99"
"CTL_muscle_2_CTGAAACAGCCCTAAT-1","CTL_muscle_2_CTGAAACAGCCCTAAT-1","mc_84"
"CTL_muscle_2_CTGCCTAGTGAGGCTA-1","CTL_muscle_2_CTGCCTAGTGAGGCTA-1","mc_61"
"CTL_muscle_2_CTGCTGTCACAAGACG-1","CTL_muscle_2_CTGCTGTCACAAGACG-1","mc_103"
"CTL_muscle_2_GAAACTCTCTAAGCCA-1","CTL_muscle_2_GAAACTCTCTAAGCCA-1","mc_60"
"CTL_muscle_2_GAACGGACAACACGCC-1","CTL_muscle_2_GAACGGACAACACGCC-1","mc_103"
"CTL_muscle_2_GATCGTAAGCCAGAAC-1","CTL_muscle_2_GATCGTAAGCCAGAAC-1","mc_60"
"CTL_muscle_2_GCAGCCAAGCTGGAAC-1","CTL_muscle_2_GCAGCCAAGCTGGAAC-1","mc_60"
"CTL_muscle_2_GCCTCTAAGTACTTGC-1","CTL_muscle_2_GCCTCTAAGTACTTGC-1","mc_24"
"CTL_muscle_2_GCGACCAGTTTGACAC-1","CTL_muscle_2_GCGACCAGTTTGACAC-1","mc_39"
"CTL_muscle_2_GCTCTGTAGCGTAATA-1","CTL_muscle_2_GCTCTGTAGCGTAATA-1","mc_23"
"CTL_muscle_2_GCTCTGTTCGAGCCCA-1","CTL_muscle_2_GCTCTGTTCGAGCCCA-1","mc_53"
"CTL_muscle_2_GCTGGGTAGTAGGCCA-1","CTL_muscle_2_GCTGGGTAGTAGGCCA-1","mc_96"
"CTL_muscle_2_GCTTCCAGTTGGTGGA-1","CTL_muscle_2_GCTTCCAGTTGGTGGA-1","mc_60"
"CTL_muscle_2_GGAATAAGTTAGTGGG-1","CTL_muscle_2_GGAATAAGTTAGTGGG-1","mc_38"
"CTL_muscle_2_GGCAATTTCGGCCGAT-1","CTL_muscle_2_GGCAATTTCGGCCGAT-1","mc_28"
"CTL_muscle_2_GGCGACTTCATCGATG-1","CTL_muscle_2_GGCGACTTCATCGATG-1","mc_4"
"CTL_muscle_2_GGGACCTGTCCTCTTG-1","CTL_muscle_2_GGGACCTGTCCTCTTG-1","mc_23"
"CTL_muscle_2_GGGAGATCATTTCAGG-1","CTL_muscle_2_GGGAGATCATTTCAGG-1","mc_38"
"CTL_muscle_2_GTACTTTCACCAGTTA-1","CTL_muscle_2_GTACTTTCACCAGTTA-1","mc_60"
"CTL_muscle_2_GTCATTTAGTGTTGAA-1","CTL_muscle_2_GTCATTTAGTGTTGAA-1","mc_38"
"CTL_muscle_2_GTGCGGTGTGCACCAC-1","CTL_muscle_2_GTGCGGTGTGCACCAC-1","mc_20"
"CTL_muscle_2_TAAACCGCAGCGAACA-1","CTL_muscle_2_TAAACCGCAGCGAACA-1","mc_53"
"CTL_muscle_2_TACACGAGTAATCACC-1","CTL_muscle_2_TACACGAGTAATCACC-1","mc_21"
"CTL_muscle_2_TACACGATCAGGTAAA-1","CTL_muscle_2_TACACGATCAGGTAAA-1","mc_29"
"CTL_muscle_2_TAGACCACACACCGAC-1","CTL_muscle_2_TAGACCACACACCGAC-1","mc_53"
"CTL_muscle_2_TAGCCGGTCGGCGCAT-1","CTL_muscle_2_TAGCCGGTCGGCGCAT-1","mc_38"
"CTL_muscle_2_TATTACCGTTGGTTTG-1","CTL_muscle_2_TATTACCGTTGGTTTG-1","mc_15"
"CTL_muscle_2_TCAACGACATGCCCGA-1","CTL_muscle_2_TCAACGACATGCCCGA-1","mc_60"
"CTL_muscle_2_TCACAAGTCATTTGGG-1","CTL_muscle_2_TCACAAGTCATTTGGG-1","mc_23"
"CTL_muscle_2_TCACGAACAGCCTTGG-1","CTL_muscle_2_TCACGAACAGCCTTGG-1","mc_85"
"CTL_muscle_2_TCCACACGTTAAGGGC-1","CTL_muscle_2_TCCACACGTTAAGGGC-1","mc_61"
"CTL_muscle_2_TCGGGACAGACATAAC-1","CTL_muscle_2_TCGGGACAGACATAAC-1","mc_53"
"CTL_muscle_2_TCGGGACGTCAGATAA-1","CTL_muscle_2_TCGGGACGTCAGATAA-1","mc_38"
"CTL_muscle_2_TCGGTAAGTCGGCACT-1","CTL_muscle_2_TCGGTAAGTCGGCACT-1","mc_43"
"CTL_muscle_2_TCGTACCAGTGTTTGC-1","CTL_muscle_2_TCGTACCAGTGTTTGC-1","mc_53"
"CTL_muscle_2_TCTTCGGCATGCAATC-1","CTL_muscle_2_TCTTCGGCATGCAATC-1","mc_44"
"CTL_muscle_2_TGGCCAGAGAATCTCC-1","CTL_muscle_2_TGGCCAGAGAATCTCC-1","mc_95"
"CTL_muscle_2_TGGCTGGGTAGCGCTC-1","CTL_muscle_2_TGGCTGGGTAGCGCTC-1","mc_62"
"CTL_muscle_2_TGTATTCTCGCATGAT-1","CTL_muscle_2_TGTATTCTCGCATGAT-1","mc_53"
"CTL_muscle_2_TGTGTTTTCACATGCA-1","CTL_muscle_2_TGTGTTTTCACATGCA-1","mc_60"
"CTL_muscle_2_TTAGGACAGAAAGTGG-1","CTL_muscle_2_TTAGGACAGAAAGTGG-1","mc_82"
"CTL_muscle_2_TTCGGTCGTCTCTCGT-1","CTL_muscle_2_TTCGGTCGTCTCTCGT-1","mc_24"
"CTL_muscle_2_TTCTCAAAGCTGCGAA-1","CTL_muscle_2_TTCTCAAAGCTGCGAA-1","mc_29"
"CTL_muscle_2_TTCTCCTGTCTAACGT-1","CTL_muscle_2_TTCTCCTGTCTAACGT-1","mc_38"
"CTL_muscle_2_TTGAACGAGTGGAGAA-1","CTL_muscle_2_TTGAACGAGTGGAGAA-1","mc_30"
"MET_muscle_2_AAACCTGCAATGTTGC-1","MET_muscle_2_AAACCTGCAATGTTGC-1","mc_58"
"MET_muscle_2_AACGTTGCAAAGGCGT-1","MET_muscle_2_AACGTTGCAAAGGCGT-1","mc_86"
"MET_muscle_2_AACTCAGGTCGACTAT-1","MET_muscle_2_AACTCAGGTCGACTAT-1","mc_36"
"MET_muscle_2_AACTCTTCAATAAGCA-1","MET_muscle_2_AACTCTTCAATAAGCA-1","mc_22"
"MET_muscle_2_AACTCTTTCTCCAGGG-1","MET_muscle_2_AACTCTTTCTCCAGGG-1","mc_75"
"MET_muscle_2_AAGACCTGTCTCAACA-1","MET_muscle_2_AAGACCTGTCTCAACA-1","mc_72"
"MET_muscle_2_AAGGAGCGTCTTTCAT-1","MET_muscle_2_AAGGAGCGTCTTTCAT-1","mc_0"
"MET_muscle_2_AAGTCTGTCTTAACCT-1","MET_muscle_2_AAGTCTGTCTTAACCT-1","mc_75"
"MET_muscle_2_AATCCAGCACTACAGT-1","MET_muscle_2_AATCCAGCACTACAGT-1","mc_0"
"MET_muscle_2_AATCCAGTCCTCGCAT-1","MET_muscle_2_AATCCAGTCCTCGCAT-1","mc_2"
"MET_muscle_2_AATCCAGTCGAATGCT-1","MET_muscle_2_AATCCAGTCGAATGCT-1","mc_14"
"MET_muscle_2_AATCGGTGTTCCACAA-1","MET_muscle_2_AATCGGTGTTCCACAA-1","mc_7"
"MET_muscle_2_ACACTGAAGCGTGAAC-1","MET_muscle_2_ACACTGAAGCGTGAAC-1","mc_40"
"MET_muscle_2_ACAGCTAGTACCTACA-1","MET_muscle_2_ACAGCTAGTACCTACA-1","mc_22"
"MET_muscle_2_ACATCAGCACGCCAGT-1","MET_muscle_2_ACATCAGCACGCCAGT-1","mc_6"
"MET_muscle_2_ACATCAGGTCGCTTCT-1","MET_muscle_2_ACATCAGGTCGCTTCT-1","mc_51"
"MET_muscle_2_ACATCAGTCAAACAAG-1","MET_muscle_2_ACATCAGTCAAACAAG-1","mc_40"
"MET_muscle_2_ACATCAGTCGCCTGAG-1","MET_muscle_2_ACATCAGTCGCCTGAG-1","mc_51"
"MET_muscle_2_ACCAGTACAGCTATTG-1","MET_muscle_2_ACCAGTACAGCTATTG-1","mc_10"
"MET_muscle_2_ACCCACTAGCTAACTC-1","MET_muscle_2_ACCCACTAGCTAACTC-1","mc_90"
"MET_muscle_2_ACGAGGACAACGATCT-1","MET_muscle_2_ACGAGGACAACGATCT-1","mc_87"
"MET_muscle_2_ACGAGGATCACCGGGT-1","MET_muscle_2_ACGAGGATCACCGGGT-1","mc_76"
"MET_muscle_2_ACGATACAGATGAGAG-1","MET_muscle_2_ACGATACAGATGAGAG-1","mc_55"
"MET_muscle_2_ACGATACTCCTCTAGC-1","MET_muscle_2_ACGATACTCCTCTAGC-1","mc_105"
"MET_muscle_2_ACGCAGCTCGACGGAA-1","MET_muscle_2_ACGCAGCTCGACGGAA-1","mc_6"
"MET_muscle_2_ACGCCAGAGGCAGTCA-1","MET_muscle_2_ACGCCAGAGGCAGTCA-1","mc_14"
"MET_muscle_2_ACGGGTCAGCCGTCGT-1","MET_muscle_2_ACGGGTCAGCCGTCGT-1","mc_50"
"MET_muscle_2_ACGGGTCAGTCAATAG-1","MET_muscle_2_ACGGGTCAGTCAATAG-1","mc_25"
"MET_muscle_2_ACTGTCCCACAACGCC-1","MET_muscle_2_ACTGTCCCACAACGCC-1","mc_92"
"MET_muscle_2_ACTTACTGTCAGGACA-1","MET_muscle_2_ACTTACTGTCAGGACA-1","mc_50"
"MET_muscle_2_ACTTGTTTCTAGAGTC-1","MET_muscle_2_ACTTGTTTCTAGAGTC-1","mc_57"
"MET_muscle_2_AGAGCTTGTGAGGCTA-1","MET_muscle_2_AGAGCTTGTGAGGCTA-1","mc_12"
"MET_muscle_2_AGCGGTCGTGGGTATG-1","MET_muscle_2_AGCGGTCGTGGGTATG-1","mc_33"
"MET_muscle_2_AGCGGTCTCGTTTGCC-1","MET_muscle_2_AGCGGTCTCGTTTGCC-1","mc_76"
"MET_muscle_2_AGCTCCTGTAGCGATG-1","MET_muscle_2_AGCTCCTGTAGCGATG-1","mc_93"
"MET_muscle_2_AGCTTGATCCAGAGGA-1","MET_muscle_2_AGCTTGATCCAGAGGA-1","mc_14"
"MET_muscle_2_AGGCCACGTGGAAAGA-1","MET_muscle_2_AGGCCACGTGGAAAGA-1","mc_56"
"MET_muscle_2_AGGGAGTTCTCCCTGA-1","MET_muscle_2_AGGGAGTTCTCCCTGA-1","mc_45"
"MET_muscle_2_AGGGATGAGGCAATTA-1","MET_muscle_2_AGGGATGAGGCAATTA-1","mc_6"
"MET_muscle_2_AGTCTTTAGGGCACTA-1","MET_muscle_2_AGTCTTTAGGGCACTA-1","mc_0"
"MET_muscle_2_AGTCTTTCAGCCAATT-1","MET_muscle_2_AGTCTTTCAGCCAATT-1","mc_73"
"MET_muscle_2_AGTCTTTGTGGCGAAT-1","MET_muscle_2_AGTCTTTGTGGCGAAT-1","mc_14"
"MET_muscle_2_AGTGTCACATTCACTT-1","MET_muscle_2_AGTGTCACATTCACTT-1","mc_31"
"MET_muscle_2_ATCACGAAGACTACAA-1","MET_muscle_2_ATCACGAAGACTACAA-1","mc_59"
"MET_muscle_2_ATCATGGTCTACCTGC-1","MET_muscle_2_ATCATGGTCTACCTGC-1","mc_71"
"MET_muscle_2_ATCGAGTCATCGGGTC-1","MET_muscle_2_ATCGAGTCATCGGGTC-1","mc_27"
"MET_muscle_2_ATCGAGTGTACAGTTC-1","MET_muscle_2_ATCGAGTGTACAGTTC-1","mc_10"
"MET_muscle_2_ATGGGAGGTCTGCAAT-1","MET_muscle_2_ATGGGAGGTCTGCAAT-1","mc_105"
"MET_muscle_2_ATTATCCAGAGTTGGC-1","MET_muscle_2_ATTATCCAGAGTTGGC-1","mc_25"
"MET_muscle_2_ATTCTACAGAACAACT-1","MET_muscle_2_ATTCTACAGAACAACT-1","mc_57"
"MET_muscle_2_ATTGGTGCAAAGAATC-1","MET_muscle_2_ATTGGTGCAAAGAATC-1","mc_105"
"MET_muscle_2_CAACTAGTCGAGAGCA-1","MET_muscle_2_CAACTAGTCGAGAGCA-1","mc_56"
"MET_muscle_2_CAAGGCCAGCTGCGAA-1","MET_muscle_2_CAAGGCCAGCTGCGAA-1","mc_86"
"MET_muscle_2_CAAGTTGTCGCGATCG-1","MET_muscle_2_CAAGTTGTCGCGATCG-1","mc_75"
"MET_muscle_2_CACACCTAGTGGACGT-1","MET_muscle_2_CACACCTAGTGGACGT-1","mc_105"
"MET_muscle_2_CACATTTTCTCACATT-1","MET_muscle_2_CACATTTTCTCACATT-1","mc_41"
"MET_muscle_2_CACTCCACACAGGTTT-1","MET_muscle_2_CACTCCACACAGGTTT-1","mc_47"
"MET_muscle_2_CAGAATCTCGGTCTAA-1","MET_muscle_2_CAGAATCTCGGTCTAA-1","mc_16"
"MET_muscle_2_CAGAGAGGTAAGGGAA-1","MET_muscle_2_CAGAGAGGTAAGGGAA-1","mc_50"
"MET_muscle_2_CAGAGAGTCCGCAAGC-1","MET_muscle_2_CAGAGAGTCCGCAAGC-1","mc_9"
"MET_muscle_2_CAGCATATCAGTTTGG-1","MET_muscle_2_CAGCATATCAGTTTGG-1","mc_13"
"MET_muscle_2_CAGCCGAGTCTGGAGA-1","MET_muscle_2_CAGCCGAGTCTGGAGA-1","mc_56"
"MET_muscle_2_CATCGAAGTTAGAACA-1","MET_muscle_2_CATCGAAGTTAGAACA-1","mc_55"
"MET_muscle_2_CATCGGGGTGTGAATA-1","MET_muscle_2_CATCGGGGTGTGAATA-1","mc_7"
"MET_muscle_2_CATGACAGTGTATGGG-1","MET_muscle_2_CATGACAGTGTATGGG-1","mc_33"
"MET_muscle_2_CATGCCTGTGACTACT-1","MET_muscle_2_CATGCCTGTGACTACT-1","mc_75"
"MET_muscle_2_CATTATCCAGTTTACG-1","MET_muscle_2_CATTATCCAGTTTACG-1","mc_13"
"MET_muscle_2_CATTATCTCATGTCCC-1","MET_muscle_2_CATTATCTCATGTCCC-1","mc_26"
"MET_muscle_2_CCAATCCGTCAGAAGC-1","MET_muscle_2_CCAATCCGTCAGAAGC-1","mc_76"
"MET_muscle_2_CCACGGATCGACAGCC-1","MET_muscle_2_CCACGGATCGACAGCC-1","mc_7"
"MET_muscle_2_CCGGGATGTCTTGATG-1","MET_muscle_2_CCGGGATGTCTTGATG-1","mc_92"
"MET_muscle_2_CCTACACTCATGCATG-1","MET_muscle_2_CCTACACTCATGCATG-1","mc_88"
"MET_muscle_2_CCTACCAAGACTGTAA-1","MET_muscle_2_CCTACCAAGACTGTAA-1","mc_50"
"MET_muscle_2_CCTACCAAGCCCAATT-1","MET_muscle_2_CCTACCAAGCCCAATT-1","mc_17"
"MET_muscle_2_CCTAGCTGTGACGCCT-1","MET_muscle_2_CCTAGCTGTGACGCCT-1","mc_41"
"MET_muscle_2_CCTAGCTTCTGTTGAG-1","MET_muscle_2_CCTAGCTTCTGTTGAG-1","mc_22"
"MET_muscle_2_CCTTACGTCACAACGT-1","MET_muscle_2_CCTTACGTCACAACGT-1","mc_5"
"MET_muscle_2_CGAATGTGTAAAGGAG-1","MET_muscle_2_CGAATGTGTAAAGGAG-1","mc_18"
"MET_muscle_2_CGAATGTGTCCGTTAA-1","MET_muscle_2_CGAATGTGTCCGTTAA-1","mc_75"
"MET_muscle_2_CGAGAAGTCTTGAGGT-1","MET_muscle_2_CGAGAAGTCTTGAGGT-1","mc_17"
"MET_muscle_2_CGAGCCAAGATAGCAT-1","MET_muscle_2_CGAGCCAAGATAGCAT-1","mc_71"
"MET_muscle_2_CGAGCCAGTGATAAAC-1","MET_muscle_2_CGAGCCAGTGATAAAC-1","mc_77"
"MET_muscle_2_CGATGGCTCAGCGATT-1","MET_muscle_2_CGATGGCTCAGCGATT-1","mc_88"
"MET_muscle_2_CGATGGCTCGAACTGT-1","MET_muscle_2_CGATGGCTCGAACTGT-1","mc_90"
"MET_muscle_2_CGCGGTAGTCGTCTTC-1","MET_muscle_2_CGCGGTAGTCGTCTTC-1","mc_14"
"MET_muscle_2_CGCTATCTCCAGAAGG-1","MET_muscle_2_CGCTATCTCCAGAAGG-1","mc_31"
"MET_muscle_2_CGCTGGAGTTCGAATC-1","MET_muscle_2_CGCTGGAGTTCGAATC-1","mc_17"
"MET_muscle_2_CGCTTCAGTACTCGCG-1","MET_muscle_2_CGCTTCAGTACTCGCG-1","mc_2"
"MET_muscle_2_CGGACGTAGAACAACT-1","MET_muscle_2_CGGACGTAGAACAACT-1","mc_97"
"MET_muscle_2_CGGGTCATCCCTAATT-1","MET_muscle_2_CGGGTCATCCCTAATT-1","mc_14"
"MET_muscle_2_CGGGTCATCGCGTAGC-1","MET_muscle_2_CGGGTCATCGCGTAGC-1","mc_58"
"MET_muscle_2_CGTCCATAGACCACGA-1","MET_muscle_2_CGTCCATAGACCACGA-1","mc_75"
"MET_muscle_2_CTACACCTCAGCACAT-1","MET_muscle_2_CTACACCTCAGCACAT-1","mc_17"
"MET_muscle_2_CTACATTCACAGACTT-1","MET_muscle_2_CTACATTCACAGACTT-1","mc_25"
"MET_muscle_2_CTACGTCAGACAGAGA-1","MET_muscle_2_CTACGTCAGACAGAGA-1","mc_89"
"MET_muscle_2_CTACGTCGTCAATACC-1","MET_muscle_2_CTACGTCGTCAATACC-1","mc_75"
"MET_muscle_2_CTAGAGTAGAATGTGT-1","MET_muscle_2_CTAGAGTAGAATGTGT-1","mc_57"
"MET_muscle_2_CTAGTGACATGTTCCC-1","MET_muscle_2_CTAGTGACATGTTCCC-1","mc_0"
"MET_muscle_2_CTCACACGTGGAAAGA-1","MET_muscle_2_CTCACACGTGGAAAGA-1","mc_3"
"MET_muscle_2_CTCATTAGTGAAATCA-1","MET_muscle_2_CTCATTAGTGAAATCA-1","mc_14"
"MET_muscle_2_CTCCTAGAGATGTTAG-1","MET_muscle_2_CTCCTAGAGATGTTAG-1","mc_14"
"MET_muscle_2_CTCCTAGCATCGGACC-1","MET_muscle_2_CTCCTAGCATCGGACC-1","mc_12"
"MET_muscle_2_CTCGGAGGTCGTTGTA-1","MET_muscle_2_CTCGGAGGTCGTTGTA-1","mc_90"
"MET_muscle_2_CTCTGGTAGTGTGAAT-1","MET_muscle_2_CTCTGGTAGTGTGAAT-1","mc_55"
"MET_muscle_2_CTGCCTAAGTTGAGAT-1","MET_muscle_2_CTGCCTAAGTTGAGAT-1","mc_88"
"MET_muscle_2_CTGCGGATCGGGAGTA-1","MET_muscle_2_CTGCGGATCGGGAGTA-1","mc_12"
"MET_muscle_2_CTGTTTAGTTAGATGA-1","MET_muscle_2_CTGTTTAGTTAGATGA-1","mc_5"
"MET_muscle_2_CTTAGGAGTAAGGGAA-1","MET_muscle_2_CTTAGGAGTAAGGGAA-1","mc_16"
"MET_muscle_2_CTTAGGATCCTATTCA-1","MET_muscle_2_CTTAGGATCCTATTCA-1","mc_18"
"MET_muscle_2_CTTCTCTAGTCCCACG-1","MET_muscle_2_CTTCTCTAGTCCCACG-1","mc_6"
"MET_muscle_2_CTTCTCTCAGTCCTTC-1","MET_muscle_2_CTTCTCTCAGTCCTTC-1","mc_94"
"MET_muscle_2_CTTCTCTGTGTTAAGA-1","MET_muscle_2_CTTCTCTGTGTTAAGA-1","mc_26"
"MET_muscle_2_CTTGGCTCACGCGAAA-1","MET_muscle_2_CTTGGCTCACGCGAAA-1","mc_32"
"MET_muscle_2_GAAACTCTCAATCTCT-1","MET_muscle_2_GAAACTCTCAATCTCT-1","mc_35"
"MET_muscle_2_GAAGCAGGTAGCGTAG-1","MET_muscle_2_GAAGCAGGTAGCGTAG-1","mc_104"
"MET_muscle_2_GAAGCAGTCGTTTAGG-1","MET_muscle_2_GAAGCAGTCGTTTAGG-1","mc_19"
"MET_muscle_2_GAATAAGCAATGCCAT-1","MET_muscle_2_GAATAAGCAATGCCAT-1","mc_75"
"MET_muscle_2_GAATAAGCACTGTTAG-1","MET_muscle_2_GAATAAGCACTGTTAG-1","mc_59"
"MET_muscle_2_GACACGCTCAGTCCCT-1","MET_muscle_2_GACACGCTCAGTCCCT-1","mc_34"
"MET_muscle_2_GACAGAGAGGCAAAGA-1","MET_muscle_2_GACAGAGAGGCAAAGA-1","mc_69"
"MET_muscle_2_GACGCGTAGCTGCGAA-1","MET_muscle_2_GACGCGTAGCTGCGAA-1","mc_6"
"MET_muscle_2_GACGGCTCAGGAATCG-1","MET_muscle_2_GACGGCTCAGGAATCG-1","mc_36"
"MET_muscle_2_GACTAACAGGTAGCCA-1","MET_muscle_2_GACTAACAGGTAGCCA-1","mc_97"
"MET_muscle_2_GACTAACGTCAGATAA-1","MET_muscle_2_GACTAACGTCAGATAA-1","mc_88"
"MET_muscle_2_GACTACACAATAAGCA-1","MET_muscle_2_GACTACACAATAAGCA-1","mc_0"
"MET_muscle_2_GACTACAGTTATCGGT-1","MET_muscle_2_GACTACAGTTATCGGT-1","mc_2"
"MET_muscle_2_GACTACATCAGTCCCT-1","MET_muscle_2_GACTACATCAGTCCCT-1","mc_26"
"MET_muscle_2_GACTACATCTCTGAGA-1","MET_muscle_2_GACTACATCTCTGAGA-1","mc_18"
"MET_muscle_2_GAGGTGAGTGAAGGCT-1","MET_muscle_2_GAGGTGAGTGAAGGCT-1","mc_58"
"MET_muscle_2_GAGTCCGCAGTATAAG-1","MET_muscle_2_GAGTCCGCAGTATAAG-1","mc_76"
"MET_muscle_2_GAGTCCGGTCCCTACT-1","MET_muscle_2_GAGTCCGGTCCCTACT-1","mc_58"
"MET_muscle_2_GATCAGTAGATGTGTA-1","MET_muscle_2_GATCAGTAGATGTGTA-1","mc_0"
"MET_muscle_2_GATCGATGTATAAACG-1","MET_muscle_2_GATCGATGTATAAACG-1","mc_46"
"MET_muscle_2_GATCGCGAGGTGGGTT-1","MET_muscle_2_GATCGCGAGGTGGGTT-1","mc_90"
"MET_muscle_2_GATCGTAGTTCACGGC-1","MET_muscle_2_GATCGTAGTTCACGGC-1","mc_94"
"MET_muscle_2_GATTCAGCAATCTACG-1","MET_muscle_2_GATTCAGCAATCTACG-1","mc_10"
"MET_muscle_2_GATTCAGTCATGTAGC-1","MET_muscle_2_GATTCAGTCATGTAGC-1","mc_86"
"MET_muscle_2_GCAAACTTCACGACTA-1","MET_muscle_2_GCAAACTTCACGACTA-1","mc_97"
"MET_muscle_2_GCACATAAGTACGACG-1","MET_muscle_2_GCACATAAGTACGACG-1","mc_17"
"MET_muscle_2_GCATGCGTCTCTAAGG-1","MET_muscle_2_GCATGCGTCTCTAAGG-1","mc_63"
"MET_muscle_2_GCATGTACAATGGACG-1","MET_muscle_2_GCATGTACAATGGACG-1","mc_34"
"MET_muscle_2_GCCAAATGTGCCTGTG-1","MET_muscle_2_GCCAAATGTGCCTGTG-1","mc_7"
"MET_muscle_2_GCCTCTATCACGGTTA-1","MET_muscle_2_GCCTCTATCACGGTTA-1","mc_88"
"MET_muscle_2_GCCTCTATCGGAGGTA-1","MET_muscle_2_GCCTCTATCGGAGGTA-1","mc_88"
"MET_muscle_2_GCGACCACACATGGGA-1","MET_muscle_2_GCGACCACACATGGGA-1","mc_63"
"MET_muscle_2_GCGCAGTAGTGAAGTT-1","MET_muscle_2_GCGCAGTAGTGAAGTT-1","mc_73"
"MET_muscle_2_GCTCTGTAGCGTTCCG-1","MET_muscle_2_GCTCTGTAGCGTTCCG-1","mc_69"
"MET_muscle_2_GCTCTGTGTTGGACCC-1","MET_muscle_2_GCTCTGTGTTGGACCC-1","mc_71"
"MET_muscle_2_GCTGCAGAGATTACCC-1","MET_muscle_2_GCTGCAGAGATTACCC-1","mc_14"
"MET_muscle_2_GCTGCAGTCCATGCTC-1","MET_muscle_2_GCTGCAGTCCATGCTC-1","mc_75"
"MET_muscle_2_GCTTGAAGTATTCGTG-1","MET_muscle_2_GCTTGAAGTATTCGTG-1","mc_14"
"MET_muscle_2_GGAACTTAGAGAACAG-1","MET_muscle_2_GGAACTTAGAGAACAG-1","mc_78"
"MET_muscle_2_GGAACTTGTAAGCACG-1","MET_muscle_2_GGAACTTGTAAGCACG-1","mc_3"
"MET_muscle_2_GGACAGACAGGTCCAC-1","MET_muscle_2_GGACAGACAGGTCCAC-1","mc_14"
"MET_muscle_2_GGATGTTAGAAGATTC-1","MET_muscle_2_GGATGTTAGAAGATTC-1","mc_8"
"MET_muscle_2_GGATGTTTCCGTAGTA-1","MET_muscle_2_GGATGTTTCCGTAGTA-1","mc_88"
"MET_muscle_2_GGCAATTCAATGCCAT-1","MET_muscle_2_GGCAATTCAATGCCAT-1","mc_14"
"MET_muscle_2_GGCAATTGTTACCGAT-1","MET_muscle_2_GGCAATTGTTACCGAT-1","mc_92"
"MET_muscle_2_GGCGACTGTACGCTGC-1","MET_muscle_2_GGCGACTGTACGCTGC-1","mc_31"
"MET_muscle_2_GGCGTGTGTGGGTCAA-1","MET_muscle_2_GGCGTGTGTGGGTCAA-1","mc_27"
"MET_muscle_2_GGGAGATTCCGTAGTA-1","MET_muscle_2_GGGAGATTCCGTAGTA-1","mc_0"
"MET_muscle_2_GGGCACTTCCTCAACC-1","MET_muscle_2_GGGCACTTCCTCAACC-1","mc_13"
"MET_muscle_2_GGGTCTGCACAGGCCT-1","MET_muscle_2_GGGTCTGCACAGGCCT-1","mc_7"
"MET_muscle_2_GGGTTGCCATTTCAGG-1","MET_muscle_2_GGGTTGCCATTTCAGG-1","mc_14"
"MET_muscle_2_GGTGCGTGTTGGGACA-1","MET_muscle_2_GGTGCGTGTTGGGACA-1","mc_14"
"MET_muscle_2_GGTGCGTTCTTGACGA-1","MET_muscle_2_GGTGCGTTCTTGACGA-1","mc_19"
"MET_muscle_2_GTAACGTCATGCCTAA-1","MET_muscle_2_GTAACGTCATGCCTAA-1","mc_90"
"MET_muscle_2_GTACGTACAGGTCGTC-1","MET_muscle_2_GTACGTACAGGTCGTC-1","mc_80"
"MET_muscle_2_GTACGTAGTAATCACC-1","MET_muscle_2_GTACGTAGTAATCACC-1","mc_41"
"MET_muscle_2_GTACTTTCATACGCTA-1","MET_muscle_2_GTACTTTCATACGCTA-1","mc_46"
"MET_muscle_2_GTATCTTGTGATGTCT-1","MET_muscle_2_GTATCTTGTGATGTCT-1","mc_19"
"MET_muscle_2_GTATCTTTCTATCCTA-1","MET_muscle_2_GTATCTTTCTATCCTA-1","mc_35"
"MET_muscle_2_GTCAAGTCAAGTTCTG-1","MET_muscle_2_GTCAAGTCAAGTTCTG-1","mc_10"
"MET_muscle_2_GTCACAATCAAACGGG-1","MET_muscle_2_GTCACAATCAAACGGG-1","mc_5"
"MET_muscle_2_GTCGGGTCAAATCCGT-1","MET_muscle_2_GTCGGGTCAAATCCGT-1","mc_26"
"MET_muscle_2_GTCTCGTAGATCGGGT-1","MET_muscle_2_GTCTCGTAGATCGGGT-1","mc_40"
"MET_muscle_2_GTCTCGTTCTTTAGTC-1","MET_muscle_2_GTCTCGTTCTTTAGTC-1","mc_41"
"MET_muscle_2_GTGCAGCAGACCGGAT-1","MET_muscle_2_GTGCAGCAGACCGGAT-1","mc_12"
"MET_muscle_2_GTGCAGCTCATAAAGG-1","MET_muscle_2_GTGCAGCTCATAAAGG-1","mc_104"
"MET_muscle_2_GTGCATATCATGCAAC-1","MET_muscle_2_GTGCATATCATGCAAC-1","mc_17"
"MET_muscle_2_GTGCGGTAGACACTAA-1","MET_muscle_2_GTGCGGTAGACACTAA-1","mc_56"
"MET_muscle_2_GTGGGTCAGCACACAG-1","MET_muscle_2_GTGGGTCAGCACACAG-1","mc_97"
"MET_muscle_2_GTGGGTCTCTCTGCTG-1","MET_muscle_2_GTGGGTCTCTCTGCTG-1","mc_57"
"MET_muscle_2_GTTAAGCCATTACCTT-1","MET_muscle_2_GTTAAGCCATTACCTT-1","mc_72"
"MET_muscle_2_GTTAAGCGTGAAGGCT-1","MET_muscle_2_GTTAAGCGTGAAGGCT-1","mc_14"
"MET_muscle_2_GTTACAGCATGCTAGT-1","MET_muscle_2_GTTACAGCATGCTAGT-1","mc_46"
"MET_muscle_2_GTTCTCGCAGCCTATA-1","MET_muscle_2_GTTCTCGCAGCCTATA-1","mc_17"
"MET_muscle_2_GTTCTCGTCTAGCACA-1","MET_muscle_2_GTTCTCGTCTAGCACA-1","mc_73"
"MET_muscle_2_GTTCTCGTCTCGCATC-1","MET_muscle_2_GTTCTCGTCTCGCATC-1","mc_12"
"MET_muscle_2_TAAGAGACATATACCG-1","MET_muscle_2_TAAGAGACATATACCG-1","mc_91"
"MET_muscle_2_TAAGCGTAGTTAGGTA-1","MET_muscle_2_TAAGCGTAGTTAGGTA-1","mc_34"
"MET_muscle_2_TACTCGCGTGACTACT-1","MET_muscle_2_TACTCGCGTGACTACT-1","mc_34"
"MET_muscle_2_TACTTACAGTTAAGTG-1","MET_muscle_2_TACTTACAGTTAAGTG-1","mc_18"
"MET_muscle_2_TACTTACGTGTCGCTG-1","MET_muscle_2_TACTTACGTGTCGCTG-1","mc_14"
"MET_muscle_2_TAGAGCTAGCACGCCT-1","MET_muscle_2_TAGAGCTAGCACGCCT-1","mc_7"
"MET_muscle_2_TATGCCCCACGTTGGC-1","MET_muscle_2_TATGCCCCACGTTGGC-1","mc_33"
"MET_muscle_2_TATGCCCGTGCGCTTG-1","MET_muscle_2_TATGCCCGTGCGCTTG-1","mc_46"
"MET_muscle_2_TATTACCAGTACGCCC-1","MET_muscle_2_TATTACCAGTACGCCC-1","mc_75"
"MET_muscle_2_TCAATCTCAGCTCCGA-1","MET_muscle_2_TCAATCTCAGCTCCGA-1","mc_71"
"MET_muscle_2_TCATTACAGTTGAGAT-1","MET_muscle_2_TCATTACAGTTGAGAT-1","mc_0"
"MET_muscle_2_TCATTACGTGCAACTT-1","MET_muscle_2_TCATTACGTGCAACTT-1","mc_92"
"MET_muscle_2_TCATTTGGTCAGAGGT-1","MET_muscle_2_TCATTTGGTCAGAGGT-1","mc_105"
"MET_muscle_2_TCCCGATTCAAGAAGT-1","MET_muscle_2_TCCCGATTCAAGAAGT-1","mc_57"
"MET_muscle_2_TCGCGAGAGACAGGCT-1","MET_muscle_2_TCGCGAGAGACAGGCT-1","mc_87"
"MET_muscle_2_TCGCGTTCATTTGCCC-1","MET_muscle_2_TCGCGTTCATTTGCCC-1","mc_87"
"MET_muscle_2_TCGGGACAGTGTACTC-1","MET_muscle_2_TCGGGACAGTGTACTC-1","mc_27"
"MET_muscle_2_TCTATTGCAATCCAAC-1","MET_muscle_2_TCTATTGCAATCCAAC-1","mc_75"
"MET_muscle_2_TCTATTGGTAGCTAAA-1","MET_muscle_2_TCTATTGGTAGCTAAA-1","mc_50"
"MET_muscle_2_TCTATTGGTCTCAACA-1","MET_muscle_2_TCTATTGGTCTCAACA-1","mc_76"
"MET_muscle_2_TCTATTGTCCCTTGCA-1","MET_muscle_2_TCTATTGTCCCTTGCA-1","mc_76"
"MET_muscle_2_TCTTCGGTCAGTTCGA-1","MET_muscle_2_TCTTCGGTCAGTTCGA-1","mc_105"
"MET_muscle_2_TCTTCGGTCCCTTGCA-1","MET_muscle_2_TCTTCGGTCCCTTGCA-1","mc_19"
"MET_muscle_2_TGAAAGAAGGGATCTG-1","MET_muscle_2_TGAAAGAAGGGATCTG-1","mc_50"
"MET_muscle_2_TGAAAGAAGTGGTAAT-1","MET_muscle_2_TGAAAGAAGTGGTAAT-1","mc_76"
"MET_muscle_2_TGACGGCAGCTGCAAG-1","MET_muscle_2_TGACGGCAGCTGCAAG-1","mc_93"
"MET_muscle_2_TGACGGCCAAGACACG-1","MET_muscle_2_TGACGGCCAAGACACG-1","mc_47"
"MET_muscle_2_TGACGGCTCTCGTATT-1","MET_muscle_2_TGACGGCTCTCGTATT-1","mc_92"
"MET_muscle_2_TGAGCATGTGCACCAC-1","MET_muscle_2_TGAGCATGTGCACCAC-1","mc_63"
"MET_muscle_2_TGATTTCTCAGATAAG-1","MET_muscle_2_TGATTTCTCAGATAAG-1","mc_34"
"MET_muscle_2_TGCCCTAGTTACGTCA-1","MET_muscle_2_TGCCCTAGTTACGTCA-1","mc_76"
"MET_muscle_2_TGCCCTAGTTTAAGCC-1","MET_muscle_2_TGCCCTAGTTTAAGCC-1","mc_56"
"MET_muscle_2_TGCGCAGTCGTTGACA-1","MET_muscle_2_TGCGCAGTCGTTGACA-1","mc_97"
"MET_muscle_2_TGCGGGTCAGACGCCT-1","MET_muscle_2_TGCGGGTCAGACGCCT-1","mc_0"
"MET_muscle_2_TGCTGCTTCACAGGCC-1","MET_muscle_2_TGCTGCTTCACAGGCC-1","mc_93"
"MET_muscle_2_TGCTGCTTCTGTCTCG-1","MET_muscle_2_TGCTGCTTCTGTCTCG-1","mc_17"
"MET_muscle_2_TGGCCAGCACCAGATT-1","MET_muscle_2_TGGCCAGCACCAGATT-1","mc_91"
"MET_muscle_2_TGGCGCACATCACGAT-1","MET_muscle_2_TGGCGCACATCACGAT-1","mc_75"
"MET_muscle_2_TGGCTGGAGACAGAGA-1","MET_muscle_2_TGGCTGGAGACAGAGA-1","mc_94"
"MET_muscle_2_TGGCTGGGTGTGGCTC-1","MET_muscle_2_TGGCTGGGTGTGGCTC-1","mc_56"
"MET_muscle_2_TGTATTCAGCCCAATT-1","MET_muscle_2_TGTATTCAGCCCAATT-1","mc_16"
"MET_muscle_2_TGTATTCCACCTGGTG-1","MET_muscle_2_TGTATTCCACCTGGTG-1","mc_88"
"MET_muscle_2_TGTTCCGCAGCTCCGA-1","MET_muscle_2_TGTTCCGCAGCTCCGA-1","mc_104"
"MET_muscle_2_TGTTCCGGTACTCAAC-1","MET_muscle_2_TGTTCCGGTACTCAAC-1","mc_76"
"MET_muscle_2_TTCCCAGGTTCAGACT-1","MET_muscle_2_TTCCCAGGTTCAGACT-1","mc_88"
"MET_muscle_2_TTCTACACATACTACG-1","MET_muscle_2_TTCTACACATACTACG-1","mc_59"
"MET_muscle_2_TTCTTAGAGACGACGT-1","MET_muscle_2_TTCTTAGAGACGACGT-1","mc_48"
"MET_muscle_2_TTCTTAGAGGATGGTC-1","MET_muscle_2_TTCTTAGAGGATGGTC-1","mc_0"
"MET_muscle_2_TTCTTAGGTATTAGCC-1","MET_muscle_2_TTCTTAGGTATTAGCC-1","mc_19"
"MET_muscle_2_TTGACTTGTCAAAGCG-1","MET_muscle_2_TTGACTTGTCAAAGCG-1","mc_32"
"MET_muscle_2_TTGGCAATCAAAGTAG-1","MET_muscle_2_TTGGCAATCAAAGTAG-1","mc_35"
"MET_muscle_2_TTGTAGGGTAGGGTAC-1","MET_muscle_2_TTGTAGGGTAGGGTAC-1","mc_73"
"MET_muscle_2_TTGTAGGGTTCCACTC-1","MET_muscle_2_TTGTAGGGTTCCACTC-1","mc_92"
"MET_muscle_2_TTTCCTCCATCCCACT-1","MET_muscle_2_TTTCCTCCATCCCACT-1","mc_97"
"MET_muscle_2_TTTCCTCTCGGCATCG-1","MET_muscle_2_TTTCCTCTCGGCATCG-1","mc_58"
"MET_muscle_2_TTTGCGCGTTATTCTC-1","MET_muscle_2_TTTGCGCGTTATTCTC-1","mc_36"
"MET_muscle_2_TTTGCGCTCTCGCTTG-1","MET_muscle_2_TTTGCGCTCTCGCTTG-1","mc_97"
"CTL_muscle_3_AAAGCAACAAGACACG-1","CTL_muscle_3_AAAGCAACAAGACACG-1","mc_37"
"CTL_muscle_3_AAGGCAGGTATAATGG-1","CTL_muscle_3_AAGGCAGGTATAATGG-1","mc_28"
"CTL_muscle_3_AATCCAGAGCGGCTTC-1","CTL_muscle_3_AATCCAGAGCGGCTTC-1","mc_53"
"CTL_muscle_3_ACAGCCGCAGACTCGC-1","CTL_muscle_3_ACAGCCGCAGACTCGC-1","mc_53"
"CTL_muscle_3_ACAGCCGCAGTATAAG-1","CTL_muscle_3_ACAGCCGCAGTATAAG-1","mc_29"
"CTL_muscle_3_ACCCACTGTGCACTTA-1","CTL_muscle_3_ACCCACTGTGCACTTA-1","mc_37"
"CTL_muscle_3_AGATCTGAGGGTCTCC-1","CTL_muscle_3_AGATCTGAGGGTCTCC-1","mc_60"
"CTL_muscle_3_AGCATACCACGTCTCT-1","CTL_muscle_3_AGCATACCACGTCTCT-1","mc_52"
"CTL_muscle_3_AGCTTGAAGAGTTGGC-1","CTL_muscle_3_AGCTTGAAGAGTTGGC-1","mc_60"
"CTL_muscle_3_AGGCCACAGTGGTCCC-1","CTL_muscle_3_AGGCCACAGTGGTCCC-1","mc_23"
"CTL_muscle_3_AGTAGTCAGTACGCGA-1","CTL_muscle_3_AGTAGTCAGTACGCGA-1","mc_95"
"CTL_muscle_3_AGTCTTTGTACCGGCT-1","CTL_muscle_3_AGTCTTTGTACCGGCT-1","mc_44"
"CTL_muscle_3_ATAACGCTCCTACAGA-1","CTL_muscle_3_ATAACGCTCCTACAGA-1","mc_60"
"CTL_muscle_3_CACCTTGCACTATCTT-1","CTL_muscle_3_CACCTTGCACTATCTT-1","mc_60"
"CTL_muscle_3_CCAATCCAGGATGCGT-1","CTL_muscle_3_CCAATCCAGGATGCGT-1","mc_60"
"CTL_muscle_3_CCTACCAGTGTGTGCC-1","CTL_muscle_3_CCTACCAGTGTGTGCC-1","mc_95"
"CTL_muscle_3_CCTTTCTCAGATCGGA-1","CTL_muscle_3_CCTTTCTCAGATCGGA-1","mc_62"
"CTL_muscle_3_CGAACATCATGGATGG-1","CTL_muscle_3_CGAACATCATGGATGG-1","mc_37"
"CTL_muscle_3_CGACCTTAGGGATGGG-1","CTL_muscle_3_CGACCTTAGGGATGGG-1","mc_60"
"CTL_muscle_3_CGAGAAGCACTGTCGG-1","CTL_muscle_3_CGAGAAGCACTGTCGG-1","mc_99"
"CTL_muscle_3_CGATGTACAGAGCCAA-1","CTL_muscle_3_CGATGTACAGAGCCAA-1","mc_61"
"CTL_muscle_3_CGTCACTCACGAGGTA-1","CTL_muscle_3_CGTCACTCACGAGGTA-1","mc_44"
"CTL_muscle_3_CGTTCTGTCCGAAGAG-1","CTL_muscle_3_CGTTCTGTCCGAAGAG-1","mc_43"
"CTL_muscle_3_CTACATTTCCCGACTT-1","CTL_muscle_3_CTACATTTCCCGACTT-1","mc_61"
"CTL_muscle_3_CTCCTAGAGCGTGTCC-1","CTL_muscle_3_CTCCTAGAGCGTGTCC-1","mc_20"
"CTL_muscle_3_CTGAAGTCAAGCGAGT-1","CTL_muscle_3_CTGAAGTCAAGCGAGT-1","mc_53"
"CTL_muscle_3_CTGATAGTCGGCCGAT-1","CTL_muscle_3_CTGATAGTCGGCCGAT-1","mc_60"
"CTL_muscle_3_CTGCGGAGTATGAAAC-1","CTL_muscle_3_CTGCGGAGTATGAAAC-1","mc_63"
"CTL_muscle_3_CTTACCGGTCCGAGTC-1","CTL_muscle_3_CTTACCGGTCCGAGTC-1","mc_82"
"CTL_muscle_3_CTTCTCTGTTGTTTGG-1","CTL_muscle_3_CTTCTCTGTTGTTTGG-1","mc_96"
"CTL_muscle_3_GAACCTACATATACCG-1","CTL_muscle_3_GAACCTACATATACCG-1","mc_1"
"CTL_muscle_3_GACCAATTCTCCTATA-1","CTL_muscle_3_GACCAATTCTCCTATA-1","mc_15"
"CTL_muscle_3_GACCTGGGTGTCGCTG-1","CTL_muscle_3_GACCTGGGTGTCGCTG-1","mc_61"
"CTL_muscle_3_GACGCGTGTAGCGTAG-1","CTL_muscle_3_GACGCGTGTAGCGTAG-1","mc_60"
"CTL_muscle_3_GATCGTAAGTCTTGCA-1","CTL_muscle_3_GATCGTAAGTCTTGCA-1","mc_29"
"CTL_muscle_3_GCACATACAGGTGCCT-1","CTL_muscle_3_GCACATACAGGTGCCT-1","mc_37"
"CTL_muscle_3_GCAGCCAAGAATAGGG-1","CTL_muscle_3_GCAGCCAAGAATAGGG-1","mc_96"
"CTL_muscle_3_GCGAGAAAGCCGCCTA-1","CTL_muscle_3_GCGAGAAAGCCGCCTA-1","mc_82"
"CTL_muscle_3_GGCCGATGTATCTGCA-1","CTL_muscle_3_GGCCGATGTATCTGCA-1","mc_61"
"CTL_muscle_3_GGGAATGAGTTTCCTT-1","CTL_muscle_3_GGGAATGAGTTTCCTT-1","mc_29"
"CTL_muscle_3_GGTGCGTTCCAACCAA-1","CTL_muscle_3_GGTGCGTTCCAACCAA-1","mc_53"
"CTL_muscle_3_GTCGGGTGTTCGGGCT-1","CTL_muscle_3_GTCGGGTGTTCGGGCT-1","mc_15"
"CTL_muscle_3_GTGTTAGAGGACGAAA-1","CTL_muscle_3_GTGTTAGAGGACGAAA-1","mc_37"
"CTL_muscle_3_TCGTAGAGTTGTGGCC-1","CTL_muscle_3_TCGTAGAGTTGTGGCC-1","mc_60"
"CTL_muscle_3_TCTCATAAGTTACGGG-1","CTL_muscle_3_TCTCATAAGTTACGGG-1","mc_29"
"CTL_muscle_3_TCTGAGAGTATCAGTC-1","CTL_muscle_3_TCTGAGAGTATCAGTC-1","mc_101"
"CTL_muscle_3_TCTGGAAAGGTTCCTA-1","CTL_muscle_3_TCTGGAAAGGTTCCTA-1","mc_23"
"CTL_muscle_3_TCTTTCCCAGGTTTCA-1","CTL_muscle_3_TCTTTCCCAGGTTTCA-1","mc_62"
"CTL_muscle_3_TGCCCTACAGCCTTTC-1","CTL_muscle_3_TGCCCTACAGCCTTTC-1","mc_1"
"CTL_muscle_3_TGGCTGGGTTGTGGCC-1","CTL_muscle_3_TGGCTGGGTTGTGGCC-1","mc_66"
"MET_muscle_3_AAAGATGTCGACCAGC-1","MET_muscle_3_AAAGATGTCGACCAGC-1","mc_92"
"MET_muscle_3_ACACCCTTCCCGGATG-1","MET_muscle_3_ACACCCTTCCCGGATG-1","mc_89"
"MET_muscle_3_ACACTGACATTGGGCC-1","MET_muscle_3_ACACTGACATTGGGCC-1","mc_89"
"MET_muscle_3_ACGAGCCCACCGAAAG-1","MET_muscle_3_ACGAGCCCACCGAAAG-1","mc_8"
"MET_muscle_3_ACGGCCACAAACCCAT-1","MET_muscle_3_ACGGCCACAAACCCAT-1","mc_89"
"MET_muscle_3_ACTGCTCCACGTCTCT-1","MET_muscle_3_ACTGCTCCACGTCTCT-1","mc_47"
"MET_muscle_3_ACTGTCCAGCCGCCTA-1","MET_muscle_3_ACTGTCCAGCCGCCTA-1","mc_8"
"MET_muscle_3_AGCATACGTTAAGATG-1","MET_muscle_3_AGCATACGTTAAGATG-1","mc_36"
"MET_muscle_3_AGCGTATGTACGACCC-1","MET_muscle_3_AGCGTATGTACGACCC-1","mc_89"
"MET_muscle_3_AGGGATGCACTACAGT-1","MET_muscle_3_AGGGATGCACTACAGT-1","mc_105"
"MET_muscle_3_AGGGTGATCATAGCAC-1","MET_muscle_3_AGGGTGATCATAGCAC-1","mc_25"
"MET_muscle_3_CAAGAAACAGAGCCAA-1","MET_muscle_3_CAAGAAACAGAGCCAA-1","mc_14"
"MET_muscle_3_CAAGATCAGGGCTCTC-1","MET_muscle_3_CAAGATCAGGGCTCTC-1","mc_14"
"MET_muscle_3_CACACTCTCTGGTGTA-1","MET_muscle_3_CACACTCTCTGGTGTA-1","mc_14"
"MET_muscle_3_CACATAGAGAGCAATT-1","MET_muscle_3_CACATAGAGAGCAATT-1","mc_105"
"MET_muscle_3_CAGAGAGAGAGACTAT-1","MET_muscle_3_CAGAGAGAGAGACTAT-1","mc_19"
"MET_muscle_3_CAGAGAGTCTTCTGGC-1","MET_muscle_3_CAGAGAGTCTTCTGGC-1","mc_14"
"MET_muscle_3_CAGCGACTCACATAGC-1","MET_muscle_3_CAGCGACTCACATAGC-1","mc_97"
"MET_muscle_3_CGAGAAGGTTGTTTGG-1","MET_muscle_3_CGAGAAGGTTGTTTGG-1","mc_11"
"MET_muscle_3_CGATGGCTCCACGTGG-1","MET_muscle_3_CGATGGCTCCACGTGG-1","mc_19"
"MET_muscle_3_CGTCAGGGTTATTCTC-1","MET_muscle_3_CGTCAGGGTTATTCTC-1","mc_26"
"MET_muscle_3_CGTTAGACAGACAGGT-1","MET_muscle_3_CGTTAGACAGACAGGT-1","mc_27"
"MET_muscle_3_CTCCTAGCAAGTTCTG-1","MET_muscle_3_CTCCTAGCAAGTTCTG-1","mc_14"
"MET_muscle_3_CTCGGAGAGGTACTCT-1","MET_muscle_3_CTCGGAGAGGTACTCT-1","mc_14"
"MET_muscle_3_GAACGGATCGTACCGG-1","MET_muscle_3_GAACGGATCGTACCGG-1","mc_104"
"MET_muscle_3_GACGGCTTCTTAGCCC-1","MET_muscle_3_GACGGCTTCTTAGCCC-1","mc_85"
"MET_muscle_3_GACGTGCTCAGTTTGG-1","MET_muscle_3_GACGTGCTCAGTTTGG-1","mc_19"
"MET_muscle_3_GCTGCTTTCCGCAAGC-1","MET_muscle_3_GCTGCTTTCCGCAAGC-1","mc_11"
"MET_muscle_3_GTCGGGTTCAGCAACT-1","MET_muscle_3_GTCGGGTTCAGCAACT-1","mc_105"
"MET_muscle_3_GTTTCTAAGCCACCTG-1","MET_muscle_3_GTTTCTAAGCCACCTG-1","mc_14"
"MET_muscle_3_TAGAGCTGTCTGCAAT-1","MET_muscle_3_TAGAGCTGTCTGCAAT-1","mc_19"
"MET_muscle_3_TCACAAGCAGGGTTAG-1","MET_muscle_3_TCACAAGCAGGGTTAG-1","mc_14"
"MET_muscle_3_TCACGAAAGTAGTGCG-1","MET_muscle_3_TCACGAAAGTAGTGCG-1","mc_11"
"MET_muscle_3_TCGTAGAAGAGCAATT-1","MET_muscle_3_TCGTAGAAGAGCAATT-1","mc_105"
"MET_muscle_3_TCTTCGGCACTGAAGG-1","MET_muscle_3_TCTTCGGCACTGAAGG-1","mc_98"
"MET_muscle_3_TGAAAGAGTCTTTCAT-1","MET_muscle_3_TGAAAGAGTCTTTCAT-1","mc_105"
"MET_muscle_3_TGCCAAAAGTCCCACG-1","MET_muscle_3_TGCCAAAAGTCCCACG-1","mc_14"
"MET_muscle_3_TTGAACGCATAACCTG-1","MET_muscle_3_TTGAACGCATAACCTG-1","mc_8"
"CTL_muscle_4_AACCATGAGCTGCCCA-1","CTL_muscle_4_AACCATGAGCTGCCCA-1","mc_20"
"CTL_muscle_4_AAGCCGCAGATTACCC-1","CTL_muscle_4_AAGCCGCAGATTACCC-1","mc_42"
"CTL_muscle_4_AAGGCAGAGTGTGAAT-1","CTL_muscle_4_AAGGCAGAGTGTGAAT-1","mc_44"
"CTL_muscle_4_ACGAGCCAGAATTCCC-1","CTL_muscle_4_ACGAGCCAGAATTCCC-1","mc_37"
"CTL_muscle_4_ACGATGTTCATGCTCC-1","CTL_muscle_4_ACGATGTTCATGCTCC-1","mc_15"
"CTL_muscle_4_ACTTACTGTAAGGATT-1","CTL_muscle_4_ACTTACTGTAAGGATT-1","mc_60"
"CTL_muscle_4_AGCAGCCAGACGCAAC-1","CTL_muscle_4_AGCAGCCAGACGCAAC-1","mc_60"
"CTL_muscle_4_AGCCTAAAGCAGCCTC-1","CTL_muscle_4_AGCCTAAAGCAGCCTC-1","mc_52"
"CTL_muscle_4_AGCGGTCAGGCAGGTT-1","CTL_muscle_4_AGCGGTCAGGCAGGTT-1","mc_53"
"CTL_muscle_4_AGCGTATGTGGTAACG-1","CTL_muscle_4_AGCGTATGTGGTAACG-1","mc_52"
"CTL_muscle_4_AGCGTCGCAAGCCCAC-1","CTL_muscle_4_AGCGTCGCAAGCCCAC-1","mc_53"
"CTL_muscle_4_AGTAGTCGTACGCTGC-1","CTL_muscle_4_AGTAGTCGTACGCTGC-1","mc_62"
"CTL_muscle_4_ATAACGCCACGGCCAT-1","CTL_muscle_4_ATAACGCCACGGCCAT-1","mc_103"
"CTL_muscle_4_ATCATCTCAGGATCGA-1","CTL_muscle_4_ATCATCTCAGGATCGA-1","mc_15"
"CTL_muscle_4_ATGTGTGCAGATCCAT-1","CTL_muscle_4_ATGTGTGCAGATCCAT-1","mc_100"
"CTL_muscle_4_ATGTGTGTCAGGCAAG-1","CTL_muscle_4_ATGTGTGTCAGGCAAG-1","mc_61"
"CTL_muscle_4_CAAGTTGGTACCATCA-1","CTL_muscle_4_CAAGTTGGTACCATCA-1","mc_103"
"CTL_muscle_4_CAGATCACAGTCAGCC-1","CTL_muscle_4_CAGATCACAGTCAGCC-1","mc_60"
"CTL_muscle_4_CAGCTGGTCTGGCGTG-1","CTL_muscle_4_CAGCTGGTCTGGCGTG-1","mc_103"
"CTL_muscle_4_CATCAGAGTCGAGTTT-1","CTL_muscle_4_CATCAGAGTCGAGTTT-1","mc_82"
"CTL_muscle_4_CATGCCTGTCGAGATG-1","CTL_muscle_4_CATGCCTGTCGAGATG-1","mc_42"
"CTL_muscle_4_CATTCGCCAATGGAGC-1","CTL_muscle_4_CATTCGCCAATGGAGC-1","mc_101"
"CTL_muscle_4_CCAGCGATCAGTTTGG-1","CTL_muscle_4_CCAGCGATCAGTTTGG-1","mc_61"
"CTL_muscle_4_CCATGTCAGACACTAA-1","CTL_muscle_4_CCATGTCAGACACTAA-1","mc_53"
"CTL_muscle_4_CCCAATCGTCGGCTCA-1","CTL_muscle_4_CCCAATCGTCGGCTCA-1","mc_28"
"CTL_muscle_4_CCTAGCTAGCGTTCCG-1","CTL_muscle_4_CCTAGCTAGCGTTCCG-1","mc_83"
"CTL_muscle_4_CGCGTTTGTTACGTCA-1","CTL_muscle_4_CGCGTTTGTTACGTCA-1","mc_63"
"CTL_muscle_4_CGCTATCTCAAGATCC-1","CTL_muscle_4_CGCTATCTCAAGATCC-1","mc_54"
"CTL_muscle_4_CGGGTCATCTCGGACG-1","CTL_muscle_4_CGGGTCATCTCGGACG-1","mc_102"
"CTL_muscle_4_CGTGAGCCATCGATGT-1","CTL_muscle_4_CGTGAGCCATCGATGT-1","mc_37"
"CTL_muscle_4_CTCACACTCGAGAACG-1","CTL_muscle_4_CTCACACTCGAGAACG-1","mc_44"
"CTL_muscle_4_CTCAGAATCAACGGCC-1","CTL_muscle_4_CTCAGAATCAACGGCC-1","mc_99"
"CTL_muscle_4_CTGATAGTCGATCCCT-1","CTL_muscle_4_CTGATAGTCGATCCCT-1","mc_62"
"CTL_muscle_4_CTGCCTAAGCCTTGAT-1","CTL_muscle_4_CTGCCTAAGCCTTGAT-1","mc_82"
"CTL_muscle_4_GACAGAGAGCTGCAAG-1","CTL_muscle_4_GACAGAGAGCTGCAAG-1","mc_60"
"CTL_muscle_4_GACCAATTCACGCATA-1","CTL_muscle_4_GACCAATTCACGCATA-1","mc_60"
"CTL_muscle_4_GAGTCCGCAGGAATGC-1","CTL_muscle_4_GAGTCCGCAGGAATGC-1","mc_82"
"CTL_muscle_4_GAGTCCGTCCATGAGT-1","CTL_muscle_4_GAGTCCGTCCATGAGT-1","mc_4"
"CTL_muscle_4_GATCGCGTCAGATAAG-1","CTL_muscle_4_GATCGCGTCAGATAAG-1","mc_60"
"CTL_muscle_4_GCGACCAAGTCTTGCA-1","CTL_muscle_4_GCGACCAAGTCTTGCA-1","mc_29"
"CTL_muscle_4_GCTCTGTGTCGAGTTT-1","CTL_muscle_4_GCTCTGTGTCGAGTTT-1","mc_53"
"CTL_muscle_4_GCTCTGTTCTCGGACG-1","CTL_muscle_4_GCTCTGTTCTCGGACG-1","mc_24"
"CTL_muscle_4_GGACGTCAGTGCCAGA-1","CTL_muscle_4_GGACGTCAGTGCCAGA-1","mc_63"
"CTL_muscle_4_GGTATTGTCTTGTATC-1","CTL_muscle_4_GGTATTGTCTTGTATC-1","mc_81"
"CTL_muscle_4_GTACTTTGTAGGGTAC-1","CTL_muscle_4_GTACTTTGTAGGGTAC-1","mc_62"
"CTL_muscle_4_GTAGGCCCAGAAGCAC-1","CTL_muscle_4_GTAGGCCCAGAAGCAC-1","mc_53"
"CTL_muscle_4_GTAGTCAGTAGCCTCG-1","CTL_muscle_4_GTAGTCAGTAGCCTCG-1","mc_65"
"CTL_muscle_4_GTTCTCGGTTGTCGCG-1","CTL_muscle_4_GTTCTCGGTTGTCGCG-1","mc_53"
"CTL_muscle_4_TAGCCGGAGAAGGTTT-1","CTL_muscle_4_TAGCCGGAGAAGGTTT-1","mc_23"
"CTL_muscle_4_TAGTGGTCAAATCCGT-1","CTL_muscle_4_TAGTGGTCAAATCCGT-1","mc_65"
"CTL_muscle_4_TAGTGGTTCAACACGT-1","CTL_muscle_4_TAGTGGTTCAACACGT-1","mc_82"
"CTL_muscle_4_TCAACGATCGTAGGAG-1","CTL_muscle_4_TCAACGATCGTAGGAG-1","mc_52"
"CTL_muscle_4_TGACGGCCATGTAAGA-1","CTL_muscle_4_TGACGGCCATGTAAGA-1","mc_61"
"CTL_muscle_4_TGAGGGACAATCGGTT-1","CTL_muscle_4_TGAGGGACAATCGGTT-1","mc_60"
"CTL_muscle_4_TGCGCAGAGCTACCTA-1","CTL_muscle_4_TGCGCAGAGCTACCTA-1","mc_60"
"CTL_muscle_4_TGCTGCTTCCACTCCA-1","CTL_muscle_4_TGCTGCTTCCACTCCA-1","mc_20"
"CTL_muscle_4_TGGCTGGTCGGAGCAA-1","CTL_muscle_4_TGGCTGGTCGGAGCAA-1","mc_95"
"CTL_muscle_4_TTAACTCGTGGTCCGT-1","CTL_muscle_4_TTAACTCGTGGTCCGT-1","mc_38"
"CTL_muscle_4_TTCCCAGCATACAGCT-1","CTL_muscle_4_TTCCCAGCATACAGCT-1","mc_101"
"CTL_muscle_4_TTCTACATCCGAGCCA-1","CTL_muscle_4_TTCTACATCCGAGCCA-1","mc_61"
"CTL_muscle_4_TTGACTTTCTGTGCAA-1","CTL_muscle_4_TTGACTTTCTGTGCAA-1","mc_60"
"CTL_muscle_4_TTTCCTCTCTGTTTGT-1","CTL_muscle_4_TTTCCTCTCTGTTTGT-1","mc_38"
"CTL_muscle_4_TTTGCGCCACACAGAG-1","CTL_muscle_4_TTTGCGCCACACAGAG-1","mc_82"
"MET_muscle_4_AAGGTTCAGATGGCGT-1","MET_muscle_4_AAGGTTCAGATGGCGT-1","mc_19"
"MET_muscle_4_ACTGAACCACTAAGTC-1","MET_muscle_4_ACTGAACCACTAAGTC-1","mc_89"
"MET_muscle_4_ACTGAGTAGGACGAAA-1","MET_muscle_4_ACTGAGTAGGACGAAA-1","mc_105"
"MET_muscle_4_ACTGATGGTCGCCATG-1","MET_muscle_4_ACTGATGGTCGCCATG-1","mc_19"
"MET_muscle_4_ACTTGTTGTCAGAATA-1","MET_muscle_4_ACTTGTTGTCAGAATA-1","mc_11"
"MET_muscle_4_ACTTGTTGTTCCGGCA-1","MET_muscle_4_ACTTGTTGTTCCGGCA-1","mc_11"
"MET_muscle_4_AGCGGTCTCTGGTGTA-1","MET_muscle_4_AGCGGTCTCTGGTGTA-1","mc_63"
"MET_muscle_4_AGGGTGACACGGTAGA-1","MET_muscle_4_AGGGTGACACGGTAGA-1","mc_63"
"MET_muscle_4_AGTGTCATCGAGGTAG-1","MET_muscle_4_AGTGTCATCGAGGTAG-1","mc_14"
"MET_muscle_4_AGTTGGTTCTTGAGAC-1","MET_muscle_4_AGTTGGTTCTTGAGAC-1","mc_105"
"MET_muscle_4_ATCGAGTGTGACGGTA-1","MET_muscle_4_ATCGAGTGTGACGGTA-1","mc_97"
"MET_muscle_4_ATTCTACAGGGTTTCT-1","MET_muscle_4_ATTCTACAGGGTTTCT-1","mc_105"
"MET_muscle_4_CAAGTTGTCGATAGAA-1","MET_muscle_4_CAAGTTGTCGATAGAA-1","mc_19"
"MET_muscle_4_CACACAACATGTCTCC-1","MET_muscle_4_CACACAACATGTCTCC-1","mc_14"
"MET_muscle_4_CAGTCCTGTCAGAATA-1","MET_muscle_4_CAGTCCTGTCAGAATA-1","mc_105"
"MET_muscle_4_CCGTACTCATCGATTG-1","MET_muscle_4_CCGTACTCATCGATTG-1","mc_19"
"MET_muscle_4_CCTCAGTGTTGCTCCT-1","MET_muscle_4_CCTCAGTGTTGCTCCT-1","mc_14"
"MET_muscle_4_CCTTCGAGTATTCTCT-1","MET_muscle_4_CCTTCGAGTATTCTCT-1","mc_105"
"MET_muscle_4_CGCGTTTTCACATAGC-1","MET_muscle_4_CGCGTTTTCACATAGC-1","mc_104"
"MET_muscle_4_CGGTTAATCTTAACCT-1","MET_muscle_4_CGGTTAATCTTAACCT-1","mc_105"
"MET_muscle_4_CGTCACTCAATAACGA-1","MET_muscle_4_CGTCACTCAATAACGA-1","mc_14"
"MET_muscle_4_CTACACCAGTTGCAGG-1","MET_muscle_4_CTACACCAGTTGCAGG-1","mc_105"
"MET_muscle_4_CTCGAAAAGTTTCCTT-1","MET_muscle_4_CTCGAAAAGTTTCCTT-1","mc_14"
"MET_muscle_4_CTCTACGGTCACTGGC-1","MET_muscle_4_CTCTACGGTCACTGGC-1","mc_11"
"MET_muscle_4_CTCTACGTCCGAGCCA-1","MET_muscle_4_CTCTACGTCCGAGCCA-1","mc_89"
"MET_muscle_4_CTGCCTAGTTGGACCC-1","MET_muscle_4_CTGCCTAGTTGGACCC-1","mc_105"
"MET_muscle_4_CTGCGGATCGGATGGA-1","MET_muscle_4_CTGCGGATCGGATGGA-1","mc_14"
"MET_muscle_4_GAACGGACAGTCACTA-1","MET_muscle_4_GAACGGACAGTCACTA-1","mc_19"
"MET_muscle_4_GAATGAACAGCTCGAC-1","MET_muscle_4_GAATGAACAGCTCGAC-1","mc_8"
"MET_muscle_4_GCAAACTAGTGTGGCA-1","MET_muscle_4_GCAAACTAGTGTGGCA-1","mc_14"
"MET_muscle_4_GCATGATTCCCTTGCA-1","MET_muscle_4_GCATGATTCCCTTGCA-1","mc_19"
"MET_muscle_4_GCATGTATCTCAAGTG-1","MET_muscle_4_GCATGTATCTCAAGTG-1","mc_89"
"MET_muscle_4_GCGGGTTAGAAACCGC-1","MET_muscle_4_GCGGGTTAGAAACCGC-1","mc_11"
"MET_muscle_4_GGAAAGCAGCCACTAT-1","MET_muscle_4_GGAAAGCAGCCACTAT-1","mc_105"
"MET_muscle_4_GGCGTGTAGTAGATGT-1","MET_muscle_4_GGCGTGTAGTAGATGT-1","mc_77"
"MET_muscle_4_GGCTGGTAGCTTATCG-1","MET_muscle_4_GGCTGGTAGCTTATCG-1","mc_14"
"MET_muscle_4_GTATCTTCATGACATC-1","MET_muscle_4_GTATCTTCATGACATC-1","mc_14"
"MET_muscle_4_GTCACGGGTCATCCCT-1","MET_muscle_4_GTCACGGGTCATCCCT-1","mc_14"
"MET_muscle_4_GTCGGGTCAAGAGTCG-1","MET_muscle_4_GTCGGGTCAAGAGTCG-1","mc_19"
"MET_muscle_4_GTGCATAAGGGAAACA-1","MET_muscle_4_GTGCATAAGGGAAACA-1","mc_14"
"MET_muscle_4_GTGCATACAGATGAGC-1","MET_muscle_4_GTGCATACAGATGAGC-1","mc_63"
"MET_muscle_4_GTTCTCGTCTGAGGGA-1","MET_muscle_4_GTTCTCGTCTGAGGGA-1","mc_14"
"MET_muscle_4_TATGCCCGTTCTGGTA-1","MET_muscle_4_TATGCCCGTTCTGGTA-1","mc_14"
"MET_muscle_4_TCATTTGTCTCGCTTG-1","MET_muscle_4_TCATTTGTCTCGCTTG-1","mc_19"
"MET_muscle_4_TGAGCCGCACACATGT-1","MET_muscle_4_TGAGCCGCACACATGT-1","mc_14"
"MET_muscle_4_TTGTAGGAGTACATGA-1","MET_muscle_4_TTGTAGGAGTACATGA-1","mc_105"
"MET_muscle_4_TTTACTGAGGGATCTG-1","MET_muscle_4_TTTACTGAGGGATCTG-1","mc_105"
"MET_muscle_4_TTTGGTTGTACATGTC-1","MET_muscle_4_TTTGGTTGTACATGTC-1","mc_98"
